score,key,from_version,to_version,similarity,edge_lost,edge_gained,euphemism_hits,diff_summary,old_preview,new_preview
43.62,item_Desc_srvl_heavy_armor_01_Shared,4.3.2-LIVE,4.4.0-PTU,0.1896,outlaws,,,-Some consider the Overlords heroes and other criminals. Doomsday doesn't care either way. All we know is that the vigil… | -The Overlord is available in several distinct colors worn by members of the (in)famous faction. Maybe just don't wear o…,"Item Type: Heavy Armor | Damage Reduction: 40% | Temp. Rating: -77 / 107 °C | Radiation Protection: 26800 REM | Radiation Scrub Rate: 145.8 REM/s |  | Some consider the Overlords heroes and other criminals. Doomsday doesn't care either way. All we know is that the vigilante group that made a name for itself targeting outlaws in Pyro has some kickass, distinct, and resilient armor. Since we respect the rule of","Item Type: Heavy Armor | Damage Reduction: 40% | Temp. Rating: -77 / 107 °C | Radiation Protection: 26800 REM | Radiation Scrub Rate: 145.8 REM/s |  | The Overlord armor lets your foes know that you mean business. This heavy armor set is constructed with durable composite plating strategically placed to disperse the force of impacts and a high, reinforced collar that provides additional protection for your ne"
42.67,item_Desc_srvl_heavy_armor_01_legs,4.3.2-LIVE,4.4.0-PTU,0.2133,outlaws,,,-8.0 | +7.5 | -Some consider the Overlords heroes and other criminals. Doomsday doesn't care either way. All we know is that the vigil… | -The Overlord is available in several distinct colors worn by members of the (in)famous faction. Maybe just don't wear o…,"Item Type: Heavy Armor | Damage Reduction: 40% | Temp. Rating: -77 / 107 °C | Radiation Protection: 26800 REM | Radiation Scrub Rate: 145.8 REM/s | Carrying Capacity: 8.0 µSCU |  | Some consider the Overlords heroes and other criminals. Doomsday doesn't care either way. All we know is that the vigilante group that made a name for itself targeting outlaws in Pyro has some kickass, distinct, and resilient armor. ","Item Type: Heavy Armor | Damage Reduction: 40% | Temp. Rating: -77 / 107 °C | Radiation Protection: 26800 REM | Radiation Scrub Rate: 145.8 REM/s | Carrying Capacity: 7.5 µSCU |  | The Overlord armor lets your foes know that you mean business. This heavy armor set is constructed with durable composite plating strategically placed to disperse the force of impacts and a high, reinforced collar that provides addit"
42.1,item_Desc_srvl_heavy_core_01,4.3.2-LIVE,4.4.0-PTU,0.2276,outlaws,,,-8.0 | +12.0 | -Some consider the Overlords heroes and other criminals. Doomsday doesn't care either way. All we know is that the vigil… | -The Overlord is available in several distinct colors worn by members of the (in)famous faction. Maybe just don't wear o…,"Item Type: Heavy Armor | Damage Reduction: 40% | Temp. Rating: -77 / 107 °C | Radiation Protection: 26800 REM | Radiation Scrub Rate: 145.8 REM/s | Carrying Capacity: 8.0 µSCU | Backpacks: All |  | Some consider the Overlords heroes and other criminals. Doomsday doesn't care either way. All we know is that the vigilante group that made a name for itself targeting outlaws in Pyro has some kickass, distinct, and re","Item Type: Heavy Armor | Damage Reduction: 40% | Temp. Rating: -77 / 107 °C | Radiation Protection: 26800 REM | Radiation Scrub Rate: 145.8 REM/s | Carrying Capacity: 12.0 µSCU | Backpacks: All |  | The Overlord armor lets your foes know that you mean business. This heavy armor set is constructed with durable composite plating strategically placed to disperse the force of impacts and a high, reinforced collar tha"
31.93,Journal_General_FrontendNewspaperHeadlines_From,4.3.2-LIVE,4.4.0-PTU,0.1818,,,,-Crosshair: Mercenary Guild News | +VOX POPULI: The Voice of the People’s Alliance,Crosshair: Mercenary Guild News,VOX POPULI: The Voice of the People’s Alliance
26.45,Journal_General_FrontendNewspaperHeadlines_Content,4.3.2-LIVE,4.4.0-PTU,0.0187,,killing|killed|raid,,-AMELIA BOYD SPOTTED IN STANTON Guild | +VOX POPULI The Voice of the People’s Alliance November 2955 ALBERTSON FAMILY KILLED IN VANDUUL RAID Governing committee… | -advised to be on the lookout for Boyd. Multiple confirmed sightings of Amelia Boyd in Stanton have some Mercenary Guild… | +of the governing committee argued in last month’s session that the time has come to ask the UEE Navy for assistance in … | -imminent. This activity comes amidst rumors of internal fighting and poor recruitment by the Frontier Fighters. While s… | +satisfied to gather and gawk at the latest offerings from the various military-industrial complex stooges like Aegis Dy… | -ideal time to focus forces on the group to bring Boyd to justice. IMPERATOR ADDISON SHARES CITIZEN'S DAY MESSAGE Halfwa… | +dawn of a new home for our people? FOOD PANTRY CHARITY DRIVE A SUCCESS Donations to assist those affected by recent Van…,"AMELIA BOYD SPOTTED IN STANTON | Guild members advised to be on the lookout for Boyd.  |  | Multiple confirmed sightings of Amelia Boyd in Stanton have some Mercenary Guild officials concerned. Boyd’s movements coincide with increased activity by Frontier Fighters in both Stanton and Pyro, leading to speculation that another attack may be imminent. This activity comes amidst rumors of internal fighting ","VOX POPULI | The Voice of the People’s Alliance | November 2955 |  | ALBERTSON FAMILY KILLED IN VANDUUL RAID  | Governing committee offers condolences but no solutions as the death toll continues to rise. |  | The Albertson Family Mining Post had just started its shift, when the Vanduul raiders struck without warning, killing the entire crew within moments. As the horrific trend of Vanduul attacks continues wel"
20.79,item_Desc_srvl_undersuit_02_01_02,4.3.2-LIVE,4.4.0-PTU,0.4603,,,,-Carrying Capacity: 8.0 µSCU,"Item Type: Undersuit | Damage Reduction: 10% | Temp. Rating: -30 / 60 °C | Radiation Protection: 15200 REM | Radiation Scrub Rate: 81 REM/s | Carrying Capacity: 8.0 µSCU |  | Roughly sewn together from a variety of ransacked materials, the Wastelander undersuit will just about do the job. This version features a bold rust color.","Item Type: Undersuit | Damage Reduction: 10% | Temp. Rating: -30 / 60 °C | Radiation Protection: 15200 REM | Radiation Scrub Rate: 81 REM/s |  | Roughly sewn together from a variety of ransacked materials, the Wastelander undersuit will just about do the job. This version features a bold rust color."
16.86,defend_UGF_obj_long_02,4.3.2-LIVE,4.4.0-PTU,0.5586,,,,-~mission(DefendWaveNumber) waves of hostiles. | +oncoming attackers,Defend the site against ~mission(DefendWaveNumber) waves of hostiles.,Defend the site against oncoming attackers
16.8,Journal_General_FrontendNewspaperHeadlines_Title,4.3.2-LIVE,4.4.0-PTU,0.56,,,,-Crosshair - October | +Vox Populi - November,Crosshair - October 2955,Vox Populi - November 2955
15.13,civilian_localdelivery_holiday_desc_004,4.3.2-LIVE,4.4.0-PTU,0.6017,,,,"-<EM4>~mission(Pickup1|Address)</EM4> | +<EM4>~mission(Location|Address)</EM4> | -You would need to take one to ~mission(GiftRecipient1) at <EM4>~mission(DropOff1)</EM4>, another to ~mission(GiftRecipi… | +~mission(DescriptionSetup)","I know things get busy around the holidays, but I was reaching out to see if you had any extra time to do a delivery run. |  | Got a few presents at <EM4>~mission(Pickup1|Address)</EM4> for close friends that I won't be able to deliver myself.  | You would need to take one to ~mission(GiftRecipient1) at <EM4>~mission(DropOff1)</EM4>, another to ~mission(GiftRecipient2) at <EM4>~mission(DropOff2)</EM4>, ","I know things get busy around the holidays, but I was reaching out to see if you had any extra time to do a delivery run. |  | Got a few presents at <EM4>~mission(Location|Address)</EM4> for close friends that I won't be able to deliver myself. ~mission(DescriptionSetup) |  | Much appreciated, | ~mission(GiftSender)"
12.96,civilian_localdelivery_holiday_desc_002,4.3.2-LIVE,4.4.0-PTU,0.6561,,,,"-three | +some | -<EM4>~mission(Pickup1|Address)</EM4> | +<EM4>~mission(Location|Address)</EM4> | -hard. One is for ~mission(GiftRecipient1) over at <EM4>~mission(DropOff1)</EM4>, another's for ~mission(GiftRecipient2)… | +hard.~mission(DescriptionSetup).",I'm in desperate need of a little Luminalia magic and I hope you're the one to help. |  | There are three gifts stuck at <EM4>~mission(Pickup1|Address)</EM4> that need to be delivered.  |  | I tried scheduling a pick up but just got notified that they won't be able to make it until after the holidays. Would you be able to take care of the deliveries for me? I'll gladly pay you what I was going to give the,I'm in desperate need of a little Luminalia magic and I hope you're the one to help. |  | There are some gifts stuck at <EM4>~mission(Location|Address)</EM4> that need to be delivered.  |  | I tried scheduling a pick up but just got notified that they won't be able to make it until after the holidays. Would you be able to take care of the deliveries for me? I'll gladly pay you what I was going to give the
10.67,civilian_localdelivery_holiday_desc_003,4.3.2-LIVE,4.4.0-PTU,0.7134,,,,-<EM4>~mission(Pickup1|Address)</EM4> and will need to be delivered to: - ~mission(GiftRecipient1) at <EM4>~mission(Drop… | +<EM4>~mission(Location|Address)</EM4> and will need to be delivered to ~mission(DescriptionSetup),Hope the holiday season is treating you well. |  | Mine's been a bit stressful so far. It turns out that I put the wrong delivery address on a handful of gifts and I'm desperately seeking a way to get them delivered on time.  |  | It would mean so much to me if you could get me out of this jam.  |  | The presents are at <EM4>~mission(Pickup1|Address)</EM4> and will need to be delivered to:  | - ~mission(GiftRec,Hope the holiday season is treating you well. |  | Mine's been a bit stressful so far. It turns out that I put the wrong delivery address on a handful of gifts and I'm desperately seeking a way to get them delivered on time.  |  | It would mean so much to me if you could get me out of this jam.  |  | The presents are at <EM4>~mission(Location|Address)</EM4> and will need to be delivered to ~mission(Descriptio
10.48,"TheCollector_GenericCollect_Long,P",4.3.2-LIVE,4.4.0-PTU,0.7179,,,,-~mission(destination|ListAll). | +<EM4>any Wikelo Emporium</EM4>.,Bring ~mission(amount)/~mission(total) of ~mission(item). Bring to ~mission(destination|ListAll).,Bring ~mission(amount)/~mission(total) of ~mission(item). Bring to <EM4>any Wikelo Emporium</EM4>.
9.98,item_DescMTC_Paint_Grey_Black_Yellow_Solid,4.3.2-LIVE,4.4.0-PTU,0.7306,,,,-highlights. | +highlights. It's also compatible with other Greycat M-series vehicles.,Equip the Filament livery to make the MTC grey with black and yellow highlights.,Equip the Filament livery to make the MTC grey with black and yellow highlights. It's also compatible with other Greycat M-series vehicles.
8.75,item_DescMTC_Paint_Grey_Lightgrey_Orange_Solid,4.3.2-LIVE,4.4.0-PTU,0.7611,,,,-MTC. | +MTC. It's also compatible with other Greycat M-series vehicles.,"The Boreal livery brings a mix of metallic light grey, grey, and orange highlights to the MTC.","The Boreal livery brings a mix of metallic light grey, grey, and orange highlights to the MTC. It's also compatible with other Greycat M-series vehicles."
8.74,item_DescMTC_Paint_Grey_Black_Red_Solid,4.3.2-LIVE,4.4.0-PTU,0.7615,,,,"-livery. | +livery, which can also be applied to other Greycat M-Series vehicles.",Bold red highlights add a bit of color and break up the black base paint of the MTC Baracus livery.,"Bold red highlights add a bit of color and break up the black base paint of the MTC Baracus livery, which can also be applied to other Greycat M-Series vehicles."
8.06,item_DescMTC_Paint_Black_Grey_Blue_Solid,4.3.2-LIVE,4.4.0-PTU,0.7786,,,,"-MTC. | +MTC, which can also be applied to other Greycat M-Series vehicles.","Crisp, metallic blue with grey and black highlights provide the Moonstone livery a spirited look for the MTC.","Crisp, metallic blue with grey and black highlights provide the Moonstone livery a spirited look for the MTC, which can also be applied to other Greycat M-Series vehicles."
53.97,Journal_General_FrontendNewspaperHeadlines_Content,4.4.0-PTU,4.5.0-LIVE,0.0307,killing|raid,executed|outlaw,,"-VOX POPULI The Voice of the People’s Alliance November 2955 ALBERTSON FAMILY KILLED IN VANDUUL RAID Governing committee… | +Terra Gazette December 2955 FTL COMMS BREAKTHROUGH Scientists reveal cutting-edge discovery allowing for real-time inte… | -session | +coordinated assault on the Pyro system utilizing multiple stolen RSI Polaris, leader of the terrorist organization Fron… | -time has come to ask | +group will no longer to be a threat. WEAPONS OF MASS CELEBRATION? Retailers report that Luminalia-themed weapons are th… | -Navy for assistance in securing the system. While Executive Allard has commented that no options are off the table when… | +reverse course and finally claim the system?","VOX POPULI | The Voice of the People’s Alliance | November 2955 |  | ALBERTSON FAMILY KILLED IN VANDUUL RAID  | Governing committee offers condolences but no solutions as the death toll continues to rise. |  | The Albertson Family Mining Post had just started its shift, when the Vanduul raiders struck without warning, killing the entire crew within moments. As the horrific trend of Vanduul attacks continues wel","Terra Gazette | December 2955 |  | FTL COMMS BREAKTHROUGH | Scientists reveal cutting-edge discovery allowing for real-time inter-system comms. |  | “The universe has just grown a bit smaller,” said lead researcher Dr. Allo Betel as they demonstrated the first public test of faster-than-light communications to a stunned crowd. Speaking in real time from the press conference in New York, Sol system to a collea"
35.13,Journal_General_FrontendNewspaperHeadlines_From,4.4.0-PTU,4.5.0-LIVE,0.1017,,,,-VOX POPULI: The Voice of the People’s Alliance | +Terra Gazette,VOX POPULI: The Voice of the People’s Alliance,Terra Gazette
24.55,item_Descarma_barrel_stab_s1_firerats01,4.4.0-PTU,4.5.0-LIVE,0.3663,,,,-Recoil Stability: +40% Recoil Kick: +40% | --10% | +-20% | -Reduce energy weapon recoil with | +Aim Recoil: +40% Visual Recoil: +40% ArmaMod designed | -Stabilizer1. ArmaMod designed the | +Stabilizer1 | -both horizontal and vertical recoil to ensure a | +spread for a slower but,Manufacturer: ArmaMod | Type: Energy Stabilizer | Attachment Point: Barrel | Size: 1 |  | Recoil Stability: +40% | Recoil Kick: +40% | Spread: -10% | Projectile Speed: -12.5% |  | Reduce energy weapon recoil with the Emod Stabilizer1. ArmaMod designed the attachment to improve both horizontal and vertical recoil to ensure a more precise shot. The Scorched edition features a unique flame patina.,Manufacturer: ArmaMod | Type: Energy Stabilizer | Attachment Point: Barrel | Size: 1 |  | Spread: -20% | Projectile Speed: -12.5% | Aim Recoil: +40% | Visual Recoil: +40% |  | ArmaMod designed the Emod Stabilizer1 attachment to improve spread for a slower but more precise shot. The Scorched edition features a unique flame patina.
23.76,item_Descarma_barrel_stab_s1,4.4.0-PTU,4.5.0-LIVE,0.386,,,,-Reduce energy weapon recoil with | +Visual Recoil: -30% ArmaMod designed | -Stabilizer1. ArmaMod designed the | +Stabilizer1 | -both horizontal and vertical recoil to ensure | +visual stability allowing for,Manufacturer: ArmaMod | Type: Energy Stabilizer | Attachment Point: Barrel | Size: 1 |  | Reduce energy weapon recoil with the Emod Stabilizer1. ArmaMod designed the attachment to improve both horizontal and vertical recoil to ensure a more precise shot. ,Manufacturer: ArmaMod | Type: Energy Stabilizer | Attachment Point: Barrel | Size: 1 |  | Visual Recoil: -30% |  | ArmaMod designed the Emod Stabilizer1 attachment to improve visual stability allowing for a more precise shot.
23.76,item_Descarma_barrel_stab_s2,4.4.0-PTU,4.5.0-LIVE,0.386,,,,-Reduce energy weapon recoil with | +Visual Recoil: -30% ArmaMod designed | -Stabilizer2. ArmaMod designed the | +Stabilizer2 | -both horizontal and vertical recoil to ensure | +visual stability allowing for,Manufacturer: ArmaMod | Type: Energy Stabilizer | Attachment Point: Barrel | Size: 2 |  | Reduce energy weapon recoil with the Emod Stabilizer2. ArmaMod designed the attachment to improve both horizontal and vertical recoil to ensure a more precise shot. ,Manufacturer: ArmaMod | Type: Energy Stabilizer | Attachment Point: Barrel | Size: 2 |  | Visual Recoil: -30% |  | ArmaMod designed the Emod Stabilizer2 attachment to improve visual stability allowing for a more precise shot.
19.56,item_descarma_barrel_stab_s2_contestedzonereward,4.4.0-PTU,4.5.0-LIVE,0.4909,,,,+Heat: -80% Aim Recoil: +40% Visual Recoil: -15% | -Recoil Stability: +15% Recoil Kick: +40% Spread: +25% | -Cost Per Shot: | +Consumption: | -Reduce energy weapon recoil with | +ArmaMod designed | -Stabilizer2. ArmaMod designed the | +Stabilizer2 | -both horizontal and vertical recoil to ensure | +heat distribution and visual stability allowing for,"Manufacturer: ArmaMod | Type: Energy Stabilizer | Attachment Point: Barrel | Size: 2 |  | Damage: +12.5% | Recoil Stability: +15% | Recoil Kick: +40% | Spread: +25% | Ammo Cost Per Shot: +100% |  | Reduce energy weapon recoil with the Emod Stabilizer2. ArmaMod designed the attachment to improve both horizontal and vertical recoil to ensure a more precise shot. This ""Tweaker"" version has been unofficially modified to do","Manufacturer: ArmaMod | Type: Energy Stabilizer | Attachment Point: Barrel | Size: 2 |  | Heat: -80% | Aim Recoil: +40% | Visual Recoil: -15% | Damage: +12.5% | Ammo Consumption: +100% |  | ArmaMod designed the Emod Stabilizer2 attachment to improve heat distribution and visual stability allowing for a more precise shot. This ""Tweaker"" version has been unofficially modified to do more damage at the cost of expending mo"
19.2,ui_pause_PopupQuitGame_Title,4.4.0-PTU,4.5.0-LIVE,0.5,,,,-Game | +to desktop,Quit Game,Quit to desktop
18.84,Journal_General_FrontendNewspaperHeadlines_Title,4.4.0-PTU,4.5.0-LIVE,0.5091,,,,-Vox Populi - November | +Terra Gazette - December,Vox Populi - November 2955,Terra Gazette - December 2955
73.36,Journal_General_FrontendNewspaperHeadlines_Content,4.5.0-LIVE,4.6.0-LIVE,0.0211,executed|outlaw,deadly,lost:'execute',"-Terra Gazette December 2955 FTL COMMS BREAKTHROUGH Scientists reveal cutting-edge discovery allowing for real-time inte… | +New United Release Edition 4.6.0 FAULTY FILTER TO BLAME FOR MYSTERIOUS AILMENT Deadly ‘Molina Mold’ contaminates Levski… | -just grown a bit smaller,” said lead researcher Dr. Allo Betel as they demonstrated | +been confirmed as a new species of mold whose airborne spores cause potentially fatal fungal infections in Humans. The … | -public test of faster-than-light communications to a stunned crowd. Speaking in real time | +person to be killed by the ailment, it has since filled clinics and hospitals in the Nyx system with people experiencin… | -press conference in New York, Sol system to a colleague located in Prime, Terra system, Dr. Betel made history with a t… | +project to outfit their entire comm network with the new faster-than-light upgrades. An Aciedo spokesperson said that t… | -threat. WEAPONS OF MASS CELEBRATION? Retailers report | +key participant in the ongoing pay-to-play scandal | -Luminalia-themed weapons are this year’s most popular gift. In what is considered by some to be a concerning sign of th… | +has rocked the Goss system.","Terra Gazette | December 2955 |  | FTL COMMS BREAKTHROUGH | Scientists reveal cutting-edge discovery allowing for real-time inter-system comms. |  | “The universe has just grown a bit smaller,” said lead researcher Dr. Allo Betel as they demonstrated the first public test of faster-than-light communications to a stunned crowd. Speaking in real time from the press conference in New York, Sol system to a collea","New United | Release Edition 4.6.0 |  | FAULTY FILTER TO BLAME FOR MYSTERIOUS AILMENT | Deadly ‘Molina Mold’ contaminates Levski station in Nyx System. |  | Following weeks of reports of a new unknown illness afflicting the residents of Levski, the source has been confirmed as a new species of mold whose airborne spores cause potentially fatal fungal infections in Humans. The source of the mold growth was tra"
25.29,Journal_General_FrontendNewspaperHeadlines_From,4.5.0-LIVE,4.6.0-LIVE,0.3478,,,,-Terra Gazette | +New United,Terra Gazette,New United
24.28,Journal_General_FrontendNewspaperHeadlines_Title,4.5.0-LIVE,4.6.0-LIVE,0.3729,,,,-Terra Gazette - December 2955 | +New United - Release Ed. 4.6.0,Terra Gazette - December 2955,New United - Release Ed. 4.6.0
17.95,Journal_General_Mining_Title,4.5.0-LIVE,4.6.0-LIVE,0.5312,,,,-The Fundamentals of Mining | +Mining Fundamentals #1: Basic Overview,The Fundamentals of Mining,Mining Fundamentals #1: Basic Overview
12.18,Journal_General_Harvestables_Content,4.5.0-LIVE,4.6.0-LIVE,0.5756,,destroyed,,"+This guide will help you identify what's useful, what's edible, and what's deadly. *STANTON SYSTEM* | -This guide will help you identify what's useful, what's edible, and what's deadly. *A FORAGER'S GUIDE TO STANTON* | +Where to Find: Grasslands of Hurston (Stanton I), Deserts of Arial (Stanton 1a), Deserts of Magda (Stanton 1c), Deserts… | +Where to Find: Forests of microTech (Stanton IV), Tundras of Calliope (Stanton 4a) | +Where to Find: Grasslands of Hurston (Stanton I) | +Where to Find: Grasslands of Hurston (Stanton I), Tundras of microTech (Stanton IV)","It may seem completely corporate, but the Stanton system is rich with resources for the enterprising forager. This guide will help you identify what's useful, what's edible, and what's deadly.   |  | *A FORAGER'S GUIDE TO STANTON* |  | DEGNOUS ROOT  | A type of macroalgae that has acclimated to much of the Stanton system, the degnous root is originally from Terra III, where it grows in abundance along shall","This guide will help you identify what's useful, what's edible, and what's deadly.   |  | *STANTON SYSTEM* | It may seem completely corporate, but the Stanton system is rich with resources for the enterprising forager. |  | DEGNOUS ROOT  | A type of macroalgae that has acclimated to much of the Stanton system, the degnous root is originally from Terra III, where it grows in abundance along shallow coastlines."
9.01,Journal_General_Harvestables_From,4.5.0-LIVE,4.6.0-LIVE,0.7547,,,,-Stanton | +Empire,Stanton Wildlife Federation,Empire Wildlife Federation
9.01,Journal_General_Wildlife_From,4.5.0-LIVE,4.6.0-LIVE,0.7547,,,,-Stanton | +Empire,Stanton Wildlife Federation,Empire Wildlife Federation
8.98,Journal_General_Harvestables_Title,4.5.0-LIVE,4.6.0-LIVE,0.7556,,,,-Guide to Stanton | +Guide,A Forager's Guide to Stanton,A Forager's Guide
42.15,Shubin_Industrial_ShipMining_S_Org_Desc_001,4.6.0-LIVE,4.6.0-PTU,0.3013,,,lost:'kill',"-Purchase Order | +Industrial | -<EM4>~mission(System) </EM4> | +~mission(System) REQ EXPERIENCE: Ship Mining | -is currently looking to fulfil another purchase order for a | +values the continuous and consistent deliveries of ore that you have provided and now wishes for you to push your perfo… | -refined materials. This purchase | +different methods will need to be employed to gather these resources and most importantly, you will need a large organi… | -is more complex than typical, requiring multiple mining methods, | +to achieve this. mineable from numerous locations across <EM4>~mission(System)</EM4>. Reward will be proportionate to t…","POSTING: Purchase Order | LOCATION: <EM4>~mission(System) </EM4> |  | TERMS*:  | Shubin Interstellar is currently looking to fulfil another purchase order for a variety of refined materials. This purchase order is more complex than typical, requiring multiple mining methods, but since you've proven your skill thus far, we think you and your team are up for the challenge. |  | Reminder, <EM4>materials must be ","POSTING: Industrial | LOCATION: ~mission(System) | REQ EXPERIENCE: Ship Mining |  | TERMS*:  |  | Shubin Interstellar values the continuous and consistent deliveries of ore that you have provided and now wishes for you to push your performance further. |  | We are in need of a vast amount of ore, ranging from common to rare. A variety of different methods will need to be employed to gather these resources and mos"
42.15,Shubin_Industrial_ShipMining_VH_Org_Desc_001,4.6.0-LIVE,4.6.0-PTU,0.3013,,,lost:'kill',"-Purchase Order | +Industrial | -<EM4>~mission(System) </EM4> | +~mission(System) REQ EXPERIENCE: Ship Mining | -is currently looking to fulfil another purchase order for a | +values the continuous and consistent deliveries of ore that you have provided and now wishes for you to push your perfo… | -refined materials. This purchase | +different methods will need to be employed to gather these resources and most importantly, you will need a large organi… | -is more complex than typical, requiring multiple mining methods, | +to achieve this. mineable from numerous locations across <EM4>~mission(System)</EM4>. Reward will be proportionate to t…","POSTING: Purchase Order | LOCATION: <EM4>~mission(System) </EM4> |  | TERMS*:  | Shubin Interstellar is currently looking to fulfil another purchase order for a variety of refined materials. This purchase order is more complex than typical, requiring multiple mining methods, but since you've proven your skill thus far, we think you and your team are up for the challenge. |  | Reminder, <EM4>materials must be ","POSTING: Industrial | LOCATION: ~mission(System) | REQ EXPERIENCE: Ship Mining |  | TERMS*:  |  | Shubin Interstellar values the continuous and consistent deliveries of ore that you have provided and now wishes for you to push your performance further. |  | We are in need of a vast amount of ore, ranging from common to rare. A variety of different methods will need to be employed to gather these resources and mos"
35.53,Shubin_Industrial_HandMining_Intro_Local_Desc_001,4.6.0-LIVE,4.6.0-PTU,0.0918,,,,"-Purchase Order | +Industrial | -<EM4>~mission(System) </EM4> | +~mission(System) REQ EXPERIENCE: Hand Mining | -Due to changes in our sourcing pipeline, | -is currently | +are | -purchase a variety of materials from independent miners operating in the area. While selling at a trade hub may net you… | +expand | -order, many miners find that strengthening their ties to Shubin to be a wise long-term investment for their career. ~mi… | +existing","POSTING: Purchase Order | LOCATION: <EM4>~mission(System) </EM4> |  | TERMS*:  | Due to changes in our sourcing pipeline, Shubin Interstellar is currently looking to purchase a variety of materials from independent miners operating in the area. While selling at a trade hub may net you a more competitive price than fulfilling our order, many miners find that strengthening their ties to Shubin to be a wise ","POSTING: Industrial | LOCATION: ~mission(System) | REQ EXPERIENCE: Hand Mining |  | TERMS*: |  | Shubin Interstellar are looking to expand our existing list of contractors across <EM4>~mission(System)</EM4> to include entry-level mining contractors. |  | If you are self-motivated, hardworking, and resilient, we would be interested in working with you. |  | Head to our mining facility located at <EM4>~mission(Destinat"
26.89,Shubin_Industrial_ShipMining_VH_Org_Title_001,4.6.0-LIVE,4.6.0-PTU,0.3077,,,,-Special Purchase Order: Mined Materials | +Ship Mining Request: Special Assignment,Special Purchase Order: Mined Materials,Ship Mining Request: Special Assignment
26.26,Shubin_Industrial_ShipMining_Nyx_E_Local_Title_001,4.6.0-LIVE,4.6.0-PTU,0.3235,,,,-Small Purchase Order: Ship Mined Ore | +Ship Mining Request: Small Scale,Small Purchase Order: Ship Mined Ore,Ship Mining Request: Small Scale
26.26,Shubin_Industrial_ShipMining_Pyro_E_Local_Title_001,4.6.0-LIVE,4.6.0-PTU,0.3235,,,,-Small Purchase Order: Ship Mined Ore | +Ship Mining Request: Small Scale,Small Purchase Order: Ship Mined Ore,Ship Mining Request: Small Scale
26.26,Shubin_Industrial_ShipMining_Stanton_E_Local_Title_001,4.6.0-LIVE,4.6.0-PTU,0.3235,,,,-Small Purchase Order: Ship Mined Ore | +Ship Mining Request: Small Scale,Small Purchase Order: Ship Mined Ore,Ship Mining Request: Small Scale
26.23,Shubin_Industrial_HandMining_Nyx_E_Interstellar_Title_001,4.6.0-LIVE,4.6.0-PTU,0.3243,,,,-Small Purchase Order: Hand Mined Materials | +Hand Mining Request: Small Scale,Small Purchase Order: Hand Mined Materials,Hand Mining Request: Small Scale
26.23,Shubin_Industrial_HandMining_Pyro_E_Local_Title_001,4.6.0-LIVE,4.6.0-PTU,0.3243,,,,-Small Purchase Order: Hand Mined Materials | +Hand Mining Request: Small Scale,Small Purchase Order: Hand Mined Materials,Hand Mining Request: Small Scale
26.23,Shubin_Industrial_HandMining_Stanton_E_Local_Title_001,4.6.0-LIVE,4.6.0-PTU,0.3243,,,,-Small Purchase Order: Hand Mined Materials | +Hand Mining Request: Small Scale,Small Purchase Order: Hand Mined Materials,Hand Mining Request: Small Scale
26.23,Shubin_Industrial_HandMining_Stanton_E_PlanetarySystem_Title_001,4.6.0-LIVE,4.6.0-PTU,0.3243,,,,-Small Purchase Order: Hand Mined Materials | +Hand Mining Request: Small Scale,Small Purchase Order: Hand Mined Materials,Hand Mining Request: Small Scale
25.54,Shubin_Industrial_HandMining_Intro_Local_Title_001,4.6.0-LIVE,4.6.0-PTU,0.3415,,,,-Small Purchase Order: Hand Mined Materials | +Hand Mining Request: Shubin Interstellar,Small Purchase Order: Hand Mined Materials,Hand Mining Request: Shubin Interstellar
25.49,Shubin_Industrial_ShipMining_Nyx_VE_Local_Title_001,4.6.0-LIVE,4.6.0-PTU,0.3429,,,,-XS Purchase Order: Ship Mined Ore | +Ship Mining Request: Very Small Scale,XS Purchase Order: Ship Mined Ore,Ship Mining Request: Very Small Scale
25.49,Shubin_Industrial_ShipMining_Pyro_VE_Local_Title_001,4.6.0-LIVE,4.6.0-PTU,0.3429,,,,-XS Purchase Order: Ship Mined Ore | +Ship Mining Request: Very Small Scale,XS Purchase Order: Ship Mined Ore,Ship Mining Request: Very Small Scale
25.49,Shubin_Industrial_ShipMining_Stanton_VE_Local_Title_001,4.6.0-LIVE,4.6.0-PTU,0.3429,,,,-XS Purchase Order: Ship Mined Ore | +Ship Mining Request: Very Small Scale,XS Purchase Order: Ship Mined Ore,Ship Mining Request: Very Small Scale
25.29,Shubin_Industrial_ShipMining_Nyx_S_Secondary_Title_001,4.6.0-LIVE,4.6.0-PTU,0.3478,,,,-Mjr. Purchase Order: Ship Mined Ore | +Ship Mining Request: Extreme Scale,Mjr. Purchase Order: Ship Mined Ore,Ship Mining Request: Extreme Scale
25.29,Shubin_Industrial_ShipMining_Pyro_S_Secondary_Title_001,4.6.0-LIVE,4.6.0-PTU,0.3478,,,,-Mjr. Purchase Order: Ship Mined Ore | +Ship Mining Request: Extreme Scale,Mjr. Purchase Order: Ship Mined Ore,Ship Mining Request: Extreme Scale
25.29,Shubin_Industrial_ShipMining_Stanton_S_Secondary_Title_001,4.6.0-LIVE,4.6.0-PTU,0.3478,,,,-Mjr. Purchase Order: Ship Mined Ore | +Ship Mining Request: Extreme Scale,Mjr. Purchase Order: Ship Mined Ore,Ship Mining Request: Extreme Scale
25.15,Shubin_Industrial_HandMining_Pyro_M_DiscoverPlanetary_Title_001,4.6.0-LIVE,4.6.0-PTU,0.3514,,,,-Med. Purchase Order: Hand Mined Materials | +Hand Mining Request: Medium Scale,Med. Purchase Order: Hand Mined Materials,Hand Mining Request: Medium Scale
25.15,Shubin_Industrial_HandMining_Stanton_M_DiscoverPlanetary_Title_001,4.6.0-LIVE,4.6.0-PTU,0.3514,,,,-Med. Purchase Order: Hand Mined Materials | +Hand Mining Request: Medium Scale,Med. Purchase Order: Hand Mined Materials,Hand Mining Request: Medium Scale
25.08,Shubin_Industrial_ShipMining_Nyx_M_Solar_Title_001,4.6.0-LIVE,4.6.0-PTU,0.3529,,,,-Med. Purchase Order: Ship Mined Ore | +Ship Mining Request: Medium Scale,Med. Purchase Order: Ship Mined Ore,Ship Mining Request: Medium Scale
25.08,Shubin_Industrial_ShipMining_Pyro_M_Solar_Title_001,4.6.0-LIVE,4.6.0-PTU,0.3529,,,,-Med. Purchase Order: Ship Mined Ore | +Ship Mining Request: Medium Scale,Med. Purchase Order: Ship Mined Ore,Ship Mining Request: Medium Scale
25.08,Shubin_Industrial_ShipMining_Stanton_M_Solar_Title_001,4.6.0-LIVE,4.6.0-PTU,0.3529,,,,-Med. Purchase Order: Ship Mined Ore | +Ship Mining Request: Medium Scale,Med. Purchase Order: Ship Mined Ore,Ship Mining Request: Medium Scale
24.87,Shubin_Industrial_ShipMining_Nyx_H_Secondary_Title_001,4.6.0-LIVE,4.6.0-PTU,0.3582,,,,-Lrg. Purchase Order: Ship Mined Ore | +Ship Mining Request: Large Scale,Lrg. Purchase Order: Ship Mined Ore,Ship Mining Request: Large Scale
24.87,Shubin_Industrial_ShipMining_Pyro_H_PrimarySecondary_Title_001,4.6.0-LIVE,4.6.0-PTU,0.3582,,,,-Lrg. Purchase Order: Ship Mined Ore | +Ship Mining Request: Large Scale,Lrg. Purchase Order: Ship Mined Ore,Ship Mining Request: Large Scale
24.87,Shubin_Industrial_ShipMining_Pyro_H_Secondary_Title_001,4.6.0-LIVE,4.6.0-PTU,0.3582,,,,-Lrg. Purchase Order: Ship Mined Ore | +Ship Mining Request: Large Scale,Lrg. Purchase Order: Ship Mined Ore,Ship Mining Request: Large Scale
24.87,Shubin_Industrial_ShipMining_Stanton_H_PrimarySecondary_Title_001,4.6.0-LIVE,4.6.0-PTU,0.3582,,,,-Lrg. Purchase Order: Ship Mined Ore | +Ship Mining Request: Large Scale,Lrg. Purchase Order: Ship Mined Ore,Ship Mining Request: Large Scale
24.87,Shubin_Industrial_ShipMining_Stanton_H_Secondary_Interstellar_Title_001,4.6.0-LIVE,4.6.0-PTU,0.3582,,,,-Lrg. Purchase Order: Ship Mined Ore | +Ship Mining Request: Large Scale,Lrg. Purchase Order: Ship Mined Ore,Ship Mining Request: Large Scale
24.87,Shubin_Industrial_ShipMining_Stanton_H_Secondary_Title_001,4.6.0-LIVE,4.6.0-PTU,0.3582,,,,-Lrg. Purchase Order: Ship Mined Ore | +Ship Mining Request: Large Scale,Lrg. Purchase Order: Ship Mined Ore,Ship Mining Request: Large Scale
24.43,Shubin_Industrial_ShipMining_Nyx_VH_Interstellar_Title_001,4.6.0-LIVE,4.6.0-PTU,0.3692,,,,-XL Purchase Order: Ship Mined Ore | +Ship Mining Request: Major Scale,XL Purchase Order: Ship Mined Ore,Ship Mining Request: Major Scale
24.43,Shubin_Industrial_ShipMining_Nyx_VH_Secondary_Title_001,4.6.0-LIVE,4.6.0-PTU,0.3692,,,,-XL Purchase Order: Ship Mined Ore | +Ship Mining Request: Major Scale,XL Purchase Order: Ship Mined Ore,Ship Mining Request: Major Scale
24.43,Shubin_Industrial_ShipMining_Pyro_VH_Secondary_Title_001,4.6.0-LIVE,4.6.0-PTU,0.3692,,,,-XL Purchase Order: Ship Mined Ore | +Ship Mining Request: Major Scale,XL Purchase Order: Ship Mined Ore,Ship Mining Request: Major Scale
24.43,Shubin_Industrial_ShipMining_Stanton_VH_Interstellar_Title_001,4.6.0-LIVE,4.6.0-PTU,0.3692,,,,-XL Purchase Order: Ship Mined Ore | +Ship Mining Request: Major Scale,XL Purchase Order: Ship Mined Ore,Ship Mining Request: Major Scale
24.43,Shubin_Industrial_ShipMining_Stanton_VH_Secondary_Interstellar_Title_001,4.6.0-LIVE,4.6.0-PTU,0.3692,,,,-XL Purchase Order: Ship Mined Ore | +Ship Mining Request: Major Scale,XL Purchase Order: Ship Mined Ore,Ship Mining Request: Major Scale
24.43,Shubin_Industrial_ShipMining_Stanton_VH_Secondary_Title_001,4.6.0-LIVE,4.6.0-PTU,0.3692,,,,-XL Purchase Order: Ship Mined Ore | +Ship Mining Request: Major Scale,XL Purchase Order: Ship Mined Ore,Ship Mining Request: Major Scale
24.27,Shubin_Industrial_HandMining_Nyx_S_Interstellar_Title,4.6.0-LIVE,4.6.0-PTU,0.3733,,,,-Mjr. Purchase Order: Hand Mined Materials | +Hand Mining Request: Extreme Scale,Mjr. Purchase Order: Hand Mined Materials,Hand Mining Request: Extreme Scale
24.27,Shubin_Industrial_HandMining_Nyx_S_Interstellar_Title_002,4.6.0-LIVE,4.6.0-PTU,0.3733,,,,-Mjr. Purchase Order: Hand Mined Materials | +Hand Mining Request: Extreme Scale,Mjr. Purchase Order: Hand Mined Materials,Hand Mining Request: Extreme Scale
24.27,Shubin_Industrial_HandMining_Pyro_S_Interstellar_Title_001,4.6.0-LIVE,4.6.0-PTU,0.3733,,,,-Mjr. Purchase Order: Hand Mined Materials | +Hand Mining Request: Extreme Scale,Mjr. Purchase Order: Hand Mined Materials,Hand Mining Request: Extreme Scale
24.27,Shubin_Industrial_HandMining_Pyro_S_Solar_Title_001,4.6.0-LIVE,4.6.0-PTU,0.3733,,,,-Mjr. Purchase Order: Hand Mined Materials | +Hand Mining Request: Extreme Scale,Mjr. Purchase Order: Hand Mined Materials,Hand Mining Request: Extreme Scale
24.27,Shubin_Industrial_HandMining_Stanton_S_Solar_Title,4.6.0-LIVE,4.6.0-PTU,0.3733,,,,-Mjr. Purchase Order: Hand Mined Materials | +Hand Mining Request: Extreme Scale,Mjr. Purchase Order: Hand Mined Materials,Hand Mining Request: Extreme Scale
24.27,Shubin_Industrial_HandMining_Stanton_S_Solar_Title_002,4.6.0-LIVE,4.6.0-PTU,0.3733,,,,-Mjr. Purchase Order: Hand Mined Materials | +Hand Mining Request: Extreme Scale,Mjr. Purchase Order: Hand Mined Materials,Hand Mining Request: Extreme Scale
23.86,Shubin_Industrial_HandMining_Pyro_H_PlanetarySystem_Title_001,4.6.0-LIVE,4.6.0-PTU,0.3836,,,,-Lrg. Purchase Order: Hand Mined Materials | +Hand Mining Request: Large Scale,Lrg. Purchase Order: Hand Mined Materials,Hand Mining Request: Large Scale
23.86,Shubin_Industrial_HandMining_Stanton_H_PlanetarySystem_Title_001,4.6.0-LIVE,4.6.0-PTU,0.3836,,,,-Lrg. Purchase Order: Hand Mined Materials | +Hand Mining Request: Large Scale,Lrg. Purchase Order: Hand Mined Materials,Hand Mining Request: Large Scale
23.86,Shubin_Industrial_HandMining_Stanton_H_Planetary_Solar_Title_001,4.6.0-LIVE,4.6.0-PTU,0.3836,,,,-Lrg. Purchase Order: Hand Mined Materials | +Hand Mining Request: Large Scale,Lrg. Purchase Order: Hand Mined Materials,Hand Mining Request: Large Scale
23.86,Shubin_Industrial_HandMining_Stanton_H_Solar_Title_001,4.6.0-LIVE,4.6.0-PTU,0.3836,,,,-Lrg. Purchase Order: Hand Mined Materials | +Hand Mining Request: Large Scale,Lrg. Purchase Order: Hand Mined Materials,Hand Mining Request: Large Scale
23.39,Shubin_Industrial_ShipMining_Nyx_H_Secondary_Desc_001,4.6.0-LIVE,4.6.0-PTU,0.3952,,,,"-Purchase Order | +Industrial | -<EM4>~mission(System) </EM4> | +~mission(System) REQ EXPERIENCE: Ship Mining | -currently looking to fulfil another purchase order for | +in need of | -refined materials. We appreciate | +rare ores, mineable from numerous locations across <EM4>~mission(System)</EM4>. ~mission(Hint_Location) Many of these o… | -help in | +mobiGlas Journal. All Shubin Interstellar contractors are expected to provide their own equipment. For","POSTING: Purchase Order | LOCATION: <EM4>~mission(System) </EM4> |  | TERMS*:  | Shubin Interstellar is currently looking to fulfil another purchase order for a variety of refined materials. We appreciate your help in this matter. |  | ~mission(Hint_Location)  |  | Reminder, all the <EM4>materials must be refined before delivery</EM4>, and since this is a purchase order and not a mining contract, you are expected","POSTING: Industrial | LOCATION: ~mission(System) | REQ EXPERIENCE: Ship Mining |  | TERMS*:  |  | Shubin Interstellar is in need of a variety of rare ores, mineable from numerous locations across <EM4>~mission(System)</EM4>. |  | ~mission(Hint_Location) |  | Many of these ores are extremely rare and difficult to find. Other miners have reported that initial scans of rocks do not detect these ores, but once a rock has"
23.39,Shubin_Industrial_ShipMining_Pyro_H_PrimarySecondary_Desc_001,4.6.0-LIVE,4.6.0-PTU,0.3952,,,,"-Purchase Order | +Industrial | -<EM4>~mission(System) </EM4> | +~mission(System) REQ EXPERIENCE: Ship Mining | -currently looking to fulfil another purchase order for | +in need of | -refined materials. We appreciate | +rare ores, mineable from numerous locations across <EM4>~mission(System)</EM4>. ~mission(Hint_Location) Many of these o… | -help in | +mobiGlas Journal. All Shubin Interstellar contractors are expected to provide their own equipment. For","POSTING: Purchase Order | LOCATION: <EM4>~mission(System) </EM4> |  | TERMS*:  | Shubin Interstellar is currently looking to fulfil another purchase order for a variety of refined materials. We appreciate your help in this matter. |  | ~mission(Hint_Location)  |  | Reminder, all the <EM4>materials must be refined before delivery</EM4>, and since this is a purchase order and not a mining contract, you are expected","POSTING: Industrial | LOCATION: ~mission(System) | REQ EXPERIENCE: Ship Mining |  | TERMS*:  |  | Shubin Interstellar is in need of a variety of rare ores, mineable from numerous locations across <EM4>~mission(System)</EM4>. |  | ~mission(Hint_Location) |  | Many of these ores are extremely rare and difficult to find. Other miners have reported that initial scans of rocks do not detect these ores, but once a rock has"
23.39,Shubin_Industrial_ShipMining_Pyro_H_Secondary_Desc_001,4.6.0-LIVE,4.6.0-PTU,0.3952,,,,"-Purchase Order | +Industrial | -<EM4>~mission(System) </EM4> | +~mission(System) REQ EXPERIENCE: Ship Mining | -currently looking to fulfil another purchase order for | +in need of | -refined materials. We appreciate | +rare ores, mineable from numerous locations across <EM4>~mission(System)</EM4>. ~mission(Hint_Location) Many of these o… | -help in | +mobiGlas Journal. All Shubin Interstellar contractors are expected to provide their own equipment. For","POSTING: Purchase Order | LOCATION: <EM4>~mission(System) </EM4> |  | TERMS*:  | Shubin Interstellar is currently looking to fulfil another purchase order for a variety of refined materials. We appreciate your help in this matter. |  | ~mission(Hint_Location)  |  | Reminder, all the <EM4>materials must be refined before delivery</EM4>, and since this is a purchase order and not a mining contract, you are expected","POSTING: Industrial | LOCATION: ~mission(System) | REQ EXPERIENCE: Ship Mining |  | TERMS*:  |  | Shubin Interstellar is in need of a variety of rare ores, mineable from numerous locations across <EM4>~mission(System)</EM4>. |  | ~mission(Hint_Location) |  | Many of these ores are extremely rare and difficult to find. Other miners have reported that initial scans of rocks do not detect these ores, but once a rock has"
23.39,Shubin_Industrial_ShipMining_Stanton_H_PrimarySecondary_Desc_001,4.6.0-LIVE,4.6.0-PTU,0.3952,,,,"-Purchase Order | +Industrial | -<EM4>~mission(System) </EM4> | +~mission(System) REQ EXPERIENCE: Ship Mining | -currently looking to fulfil another purchase order for | +in need of | -refined materials. We appreciate | +rare ores, mineable from numerous locations across <EM4>~mission(System)</EM4>. ~mission(Hint_Location) Many of these o… | -help in | +mobiGlas Journal. All Shubin Interstellar contractors are expected to provide their own equipment. For","POSTING: Purchase Order | LOCATION: <EM4>~mission(System) </EM4> |  | TERMS*:  | Shubin Interstellar is currently looking to fulfil another purchase order for a variety of refined materials. We appreciate your help in this matter. |  | ~mission(Hint_Location)  |  | Reminder, all the <EM4>materials must be refined before delivery</EM4>, and since this is a purchase order and not a mining contract, you are expected","POSTING: Industrial | LOCATION: ~mission(System) | REQ EXPERIENCE: Ship Mining |  | TERMS*:  |  | Shubin Interstellar is in need of a variety of rare ores, mineable from numerous locations across <EM4>~mission(System)</EM4>. |  | ~mission(Hint_Location) |  | Many of these ores are extremely rare and difficult to find. Other miners have reported that initial scans of rocks do not detect these ores, but once a rock has"
23.39,Shubin_Industrial_ShipMining_Stanton_H_Secondary_Desc_001,4.6.0-LIVE,4.6.0-PTU,0.3952,,,,"-Purchase Order | +Industrial | -<EM4>~mission(System) </EM4> | +~mission(System) REQ EXPERIENCE: Ship Mining | -currently looking to fulfil another purchase order for | +in need of | -refined materials. We appreciate | +rare ores, mineable from numerous locations across <EM4>~mission(System)</EM4>. ~mission(Hint_Location) Many of these o… | -help in | +mobiGlas Journal. All Shubin Interstellar contractors are expected to provide their own equipment. For","POSTING: Purchase Order | LOCATION: <EM4>~mission(System) </EM4> |  | TERMS*:  | Shubin Interstellar is currently looking to fulfil another purchase order for a variety of refined materials. We appreciate your help in this matter. |  | ~mission(Hint_Location)  |  | Reminder, all the <EM4>materials must be refined before delivery</EM4>, and since this is a purchase order and not a mining contract, you are expected","POSTING: Industrial | LOCATION: ~mission(System) | REQ EXPERIENCE: Ship Mining |  | TERMS*:  |  | Shubin Interstellar is in need of a variety of rare ores, mineable from numerous locations across <EM4>~mission(System)</EM4>. |  | ~mission(Hint_Location) |  | Many of these ores are extremely rare and difficult to find. Other miners have reported that initial scans of rocks do not detect these ores, but once a rock has"
22.54,Shubin_Industrial_HandMining_Stanton_S_Solar_Desc_002,4.6.0-LIVE,4.6.0-PTU,0.4165,,,,"-Purchase Order | +Industrial | -<EM4>~mission(System) </EM4> | +~mission(System) REQ EXPERIENCE: Hand Mining | -currently looking to fulfil another purchase order for | +in need of | -materials. We appreciate | +ore, mineable from numerous locations across <EM4>~mission(System)</EM4>. ~mission(Hint_Location) For a comprehensive l… | -help in | +mobiGlas Journal. All Shubin Interstellar contractors are expected to provide their own equipment. For","POSTING: Purchase Order | LOCATION: <EM4>~mission(System) </EM4> |  | TERMS*:  | Shubin Interstellar is currently looking to fulfil another purchase order for a variety of materials. We appreciate your help in this matter. |  | ~mission(Hint_Location) There have been reported kopion sightings within the area, so caution is advised. |  | Reminder, since this is a purchase order and not a mining contract, you are e","POSTING: Industrial | LOCATION: ~mission(System) | REQ EXPERIENCE: Hand Mining |  | TERMS*:  |  | Shubin Interstellar is in need of a variety of ore, mineable from numerous locations across <EM4>~mission(System)</EM4>. |  | ~mission(Hint_Location) |  | For a comprehensive list of where to find these minerals, consult <EM4>Mining Fundamentals #2: Where to Mine</EM4> in your mobiGlas Journal. |  | All Shubin Interstellar c"
22.41,Shubin_Industrial_GroundVehicle_Pyro_E_DiscoverPlanetary_Title_001,4.6.0-LIVE,4.6.0-PTU,0.4198,,,,-Small Purchase Order: Vehicle Mined Ore | +Ground Vehicle Mining Request: Small Scale,Small Purchase Order: Vehicle Mined Ore,Ground Vehicle Mining Request: Small Scale
22.41,Shubin_Industrial_GroundVehicle_Pyro_M_PlanetarySystem_Title_001,4.6.0-LIVE,4.6.0-PTU,0.4198,,,,-Med. Purchase Order: Vehicle Mined Ore | +Ground Vehicle Mining Request: Medium Scale,Med. Purchase Order: Vehicle Mined Ore,Ground Vehicle Mining Request: Medium Scale
22.41,Shubin_Industrial_GroundVehicle_Stanton_E_DiscoverPlanetary_Title_001,4.6.0-LIVE,4.6.0-PTU,0.4198,,,,-Small Purchase Order: Vehicle Mined Ore | +Ground Vehicle Mining Request: Small Scale,Small Purchase Order: Vehicle Mined Ore,Ground Vehicle Mining Request: Small Scale
22.3,Shubin_Industrial_HandMining_Pyro_Nyx_VH_Interstellar_Title_001,4.6.0-LIVE,4.6.0-PTU,0.4225,,,,-XL Purchase Order: Hand Mined Materials | +Hand Mining Request: Major Scale,XL Purchase Order: Hand Mined Materials,Hand Mining Request: Major Scale
22.3,Shubin_Industrial_HandMining_Pyro_VH_Interstellar_Title_001,4.6.0-LIVE,4.6.0-PTU,0.4225,,,,-XL Purchase Order: Hand Mined Materials | +Hand Mining Request: Major Scale,XL Purchase Order: Hand Mined Materials,Hand Mining Request: Major Scale
22.3,Shubin_Industrial_HandMining_Stanton_VH_Solar_Title_001,4.6.0-LIVE,4.6.0-PTU,0.4225,,,,-XL Purchase Order: Hand Mined Materials | +Hand Mining Request: Major Scale,XL Purchase Order: Hand Mined Materials,Hand Mining Request: Major Scale
22.2,Shubin_Industrial_GroundVehicle_Stanton_H_Solar_Title_001,4.6.0-LIVE,4.6.0-PTU,0.425,,,,-Med. Purchase Order: Vehicle Mined Ore | +Ground Vehicle Mining Request: Large Scale,Med. Purchase Order: Vehicle Mined Ore,Ground Vehicle Mining Request: Large Scale
22.02,Shubin_Industrial_ShipMining_Nyx_S_Secondary_Desc_001,4.6.0-LIVE,4.6.0-PTU,0.4296,,,,"-Purchase Order | +Industrial | -<EM4>~mission(System) </EM4> | +~mission(System) REQ EXPERIENCE: Ship Mining | -currently looking to fulfil another purchase order for | +in need of | -refined materials. We appreciate your help in this matter. | +rare ores, mineable from numerous locations across <EM4>~mission(System)</EM4>.","POSTING: Purchase Order | LOCATION: <EM4>~mission(System) </EM4> |  | TERMS*:  | Shubin Interstellar is currently looking to fulfil another purchase order for a variety of refined materials. We appreciate your help in this matter. |  | ~mission(Hint_Location) Many of these ores are extremely rare and difficult to find, detectable only when a rock has been cracked open. |  | Reminder, all the <EM4>materials must b","POSTING: Industrial | LOCATION: ~mission(System) | REQ EXPERIENCE: Ship Mining |  | TERMS*:  |  | Shubin Interstellar is in need of a variety of rare ores, mineable from numerous locations across <EM4>~mission(System)</EM4>. |  | ~mission(Hint_Location) |  | Many of these ores are extremely rare and difficult to find. Other miners have reported that initial scans of rocks do not detect these ores, but once a rock has"
22.02,Shubin_Industrial_ShipMining_Nyx_VH_Secondary_Desc_001,4.6.0-LIVE,4.6.0-PTU,0.4296,,,,"-Purchase Order | +Industrial | -<EM4>~mission(System) </EM4> | +~mission(System) REQ EXPERIENCE: Ship Mining | -currently looking to fulfil another purchase order for | +in need of | -refined materials. We appreciate your help in this matter. | +rare ores, mineable from numerous locations across <EM4>~mission(System)</EM4>.","POSTING: Purchase Order | LOCATION: <EM4>~mission(System) </EM4> |  | TERMS*:  | Shubin Interstellar is currently looking to fulfil another purchase order for a variety of refined materials. We appreciate your help in this matter. |  | ~mission(Hint_Location) Many of these ores are extremely rare and difficult to find, detectable only when a rock has been cracked open. |  | Reminder, all the <EM4>materials must b","POSTING: Industrial | LOCATION: ~mission(System) | REQ EXPERIENCE: Ship Mining |  | TERMS*:  |  | Shubin Interstellar is in need of a variety of rare ores, mineable from numerous locations across <EM4>~mission(System)</EM4>. |  | ~mission(Hint_Location) |  | Many of these ores are extremely rare and difficult to find. Other miners have reported that initial scans of rocks do not detect these ores, but once a rock has"
22.02,Shubin_Industrial_ShipMining_Pyro_S_Secondary_Desc_001,4.6.0-LIVE,4.6.0-PTU,0.4296,,,,"-Purchase Order | +Industrial | -<EM4>~mission(System) </EM4> | +~mission(System) REQ EXPERIENCE: Ship Mining | -currently looking to fulfil another purchase order for | +in need of | -refined materials. We appreciate your help in this matter. | +rare ores, mineable from numerous locations across <EM4>~mission(System)</EM4>.","POSTING: Purchase Order | LOCATION: <EM4>~mission(System) </EM4> |  | TERMS*:  | Shubin Interstellar is currently looking to fulfil another purchase order for a variety of refined materials. We appreciate your help in this matter. |  | ~mission(Hint_Location) Many of these ores are extremely rare and difficult to find, detectable only when a rock has been cracked open. |  | Reminder, all the <EM4>materials must b","POSTING: Industrial | LOCATION: ~mission(System) | REQ EXPERIENCE: Ship Mining |  | TERMS*:  |  | Shubin Interstellar is in need of a variety of rare ores, mineable from numerous locations across <EM4>~mission(System)</EM4>. |  | ~mission(Hint_Location) |  | Many of these ores are extremely rare and difficult to find. Other miners have reported that initial scans of rocks do not detect these ores, but once a rock has"
22.02,Shubin_Industrial_ShipMining_Pyro_VH_Secondary_Desc_001,4.6.0-LIVE,4.6.0-PTU,0.4296,,,,"-Purchase Order | +Industrial | -<EM4>~mission(System) </EM4> | +~mission(System) REQ EXPERIENCE: Ship Mining | -currently looking to fulfil another purchase order for | +in need of | -refined materials. We appreciate your help in this matter. | +rare ores, mineable from numerous locations across <EM4>~mission(System)</EM4>.","POSTING: Purchase Order | LOCATION: <EM4>~mission(System) </EM4> |  | TERMS*:  | Shubin Interstellar is currently looking to fulfil another purchase order for a variety of refined materials. We appreciate your help in this matter. |  | ~mission(Hint_Location) Many of these ores are extremely rare and difficult to find, detectable only when a rock has been cracked open. |  | Reminder, all the <EM4>materials must b","POSTING: Industrial | LOCATION: ~mission(System) | REQ EXPERIENCE: Ship Mining |  | TERMS*:  |  | Shubin Interstellar is in need of a variety of rare ores, mineable from numerous locations across <EM4>~mission(System)</EM4>. |  | ~mission(Hint_Location) |  | Many of these ores are extremely rare and difficult to find. Other miners have reported that initial scans of rocks do not detect these ores, but once a rock has"
22.02,Shubin_Industrial_ShipMining_Stanton_H_Secondary_Interstellar_Desc_001,4.6.0-LIVE,4.6.0-PTU,0.4296,,,,"-Purchase Order | +Industrial | -<EM4>~mission(System) </EM4> | +~mission(System) REQ EXPERIENCE: Ship Mining | -currently looking to fulfil another purchase order for | +in need of | -refined materials. We appreciate your help in this matter. | +rare ores, mineable from numerous locations across <EM4>~mission(System)</EM4>.","POSTING: Purchase Order | LOCATION: <EM4>~mission(System) </EM4> |  | TERMS*:  | Shubin Interstellar is currently looking to fulfil another purchase order for a variety of refined materials. We appreciate your help in this matter. |  | ~mission(Hint_Location) Many of these ores are extremely rare and difficult to find, detectable only when a rock has been cracked open. |  | Reminder, all the <EM4>materials must b","POSTING: Industrial | LOCATION: ~mission(System) | REQ EXPERIENCE: Ship Mining |  | TERMS*:  |  | Shubin Interstellar is in need of a variety of rare ores, mineable from numerous locations across <EM4>~mission(System)</EM4>. |  | ~mission(Hint_Location) |  | Many of these ores are extremely rare and difficult to find. Other miners have reported that initial scans of rocks do not detect these ores, but once a rock has"
22.02,Shubin_Industrial_ShipMining_Stanton_S_Secondary_Desc_001,4.6.0-LIVE,4.6.0-PTU,0.4296,,,,"-Purchase Order | +Industrial | -<EM4>~mission(System) </EM4> | +~mission(System) REQ EXPERIENCE: Ship Mining | -currently looking to fulfil another purchase order for | +in need of | -refined materials. We appreciate your help in this matter. | +rare ores, mineable from numerous locations across <EM4>~mission(System)</EM4>.","POSTING: Purchase Order | LOCATION: <EM4>~mission(System) </EM4> |  | TERMS*:  | Shubin Interstellar is currently looking to fulfil another purchase order for a variety of refined materials. We appreciate your help in this matter. |  | ~mission(Hint_Location) Many of these ores are extremely rare and difficult to find, detectable only when a rock has been cracked open. |  | Reminder, all the <EM4>materials must b","POSTING: Industrial | LOCATION: ~mission(System) | REQ EXPERIENCE: Ship Mining |  | TERMS*:  |  | Shubin Interstellar is in need of a variety of rare ores, mineable from numerous locations across <EM4>~mission(System)</EM4>. |  | ~mission(Hint_Location) |  | Many of these ores are extremely rare and difficult to find. Other miners have reported that initial scans of rocks do not detect these ores, but once a rock has"
22.02,Shubin_Industrial_ShipMining_Stanton_VH_Secondary_Desc_001,4.6.0-LIVE,4.6.0-PTU,0.4296,,,,"-Purchase Order | +Industrial | -<EM4>~mission(System) </EM4> | +~mission(System) REQ EXPERIENCE: Ship Mining | -currently looking to fulfil another purchase order for | +in need of | -refined materials. We appreciate your help in this matter. | +rare ores, mineable from numerous locations across <EM4>~mission(System)</EM4>.","POSTING: Purchase Order | LOCATION: <EM4>~mission(System) </EM4> |  | TERMS*:  | Shubin Interstellar is currently looking to fulfil another purchase order for a variety of refined materials. We appreciate your help in this matter. |  | ~mission(Hint_Location) Many of these ores are extremely rare and difficult to find, detectable only when a rock has been cracked open. |  | Reminder, all the <EM4>materials must b","POSTING: Industrial | LOCATION: ~mission(System) | REQ EXPERIENCE: Ship Mining |  | TERMS*:  |  | Shubin Interstellar is in need of a variety of rare ores, mineable from numerous locations across <EM4>~mission(System)</EM4>. |  | ~mission(Hint_Location) |  | Many of these ores are extremely rare and difficult to find. Other miners have reported that initial scans of rocks do not detect these ores, but once a rock has"
22.02,Shubin_Industrial_ShipMining_Stanton_VH_Secondary_Interstellar_Desc_001,4.6.0-LIVE,4.6.0-PTU,0.4296,,,,"-Purchase Order | +Industrial | -<EM4>~mission(System) </EM4> | +~mission(System) REQ EXPERIENCE: Ship Mining | -currently looking to fulfil another purchase order for | +in need of | -refined materials. We appreciate your help in this matter. | +rare ores, mineable from numerous locations across <EM4>~mission(System)</EM4>.","POSTING: Purchase Order | LOCATION: <EM4>~mission(System) </EM4> |  | TERMS*:  | Shubin Interstellar is currently looking to fulfil another purchase order for a variety of refined materials. We appreciate your help in this matter. |  | ~mission(Hint_Location) Many of these ores are extremely rare and difficult to find, detectable only when a rock has been cracked open. |  | Reminder, all the <EM4>materials must b","POSTING: Industrial | LOCATION: ~mission(System) | REQ EXPERIENCE: Ship Mining |  | TERMS*:  |  | Shubin Interstellar is in need of a variety of rare ores, mineable from numerous locations across <EM4>~mission(System)</EM4>. |  | ~mission(Hint_Location) |  | Many of these ores are extremely rare and difficult to find. Other miners have reported that initial scans of rocks do not detect these ores, but once a rock has"
21.87,Shubin_Industrial_HandMining_Stanton_E_Local_Desc_001,4.6.0-LIVE,4.6.0-PTU,0.4332,,,,"-Purchase Order | +Industrial | -<EM4>~mission(System) </EM4> | +~mission(System) REQ EXPERIENCE: Hand Mining | -Due to changes in our sourcing pipeline, | -currently looking to purchase | +in need of | -materials | +ore | -independent miners operating in the area. While selling at a trade hub may net you a more competitive price than fulfil… | +numerous locations across <EM4>~mission(System)</EM4>.","POSTING: Purchase Order | LOCATION: <EM4>~mission(System) </EM4> |  | TERMS*:  | Due to changes in our sourcing pipeline, Shubin Interstellar is currently looking to purchase a variety of materials from independent miners operating in the area. While selling at a trade hub may net you a more competitive price than fulfilling our order, many miners find that strengthening their ties to Shubin to be a wise ","POSTING: Industrial | LOCATION: ~mission(System) | REQ EXPERIENCE: Hand Mining |  | TERMS*:  |  | Shubin Interstellar is in need of a variety of ore from numerous locations across <EM4>~mission(System)</EM4>. |  | ~mission(Hint_Location) |  | For a comprehensive list of where to find these minerals, consult <EM4>Mining Fundamentals #2: Where to Mine</EM4> in your mobiGlas Journal. |  | All Shubin Interstellar contractors"
21.8,Shubin_Industrial_ShipMining_Nyx_VH_Interstellar_Desc_001,4.6.0-LIVE,4.6.0-PTU,0.4351,,,,"-Purchase Order | +Industrial | -<EM4>~mission(System) </EM4> | +~mission(System) REQ EXPERIENCE: Ship Mining | -currently looking to fulfil another purchase order for | +in need of | -refined materials. We appreciate | +ore, mineable from numerous locations across <EM4>~mission(System)</EM4>. ~mission(Hint_Location) For a comprehensive l… | -help in | +mobiGlas Journal. All Shubin Interstellar contractors are expected to provide their own equipment. For","POSTING: Purchase Order | LOCATION: <EM4>~mission(System) </EM4> |  | TERMS*:  | Shubin Interstellar is currently looking to fulfil another purchase order for a variety of refined materials. We appreciate your help in this matter. |  | ~mission(Hint_Location) |  | Reminder, all the <EM4>materials must be refined before delivery</EM4>, and since this is a purchase order and not a mining contract, you are expected ","POSTING: Industrial | LOCATION: ~mission(System) | REQ EXPERIENCE: Ship Mining |  | TERMS*:  |  | Shubin Interstellar is in need of a variety of ore, mineable from numerous locations across <EM4>~mission(System)</EM4>. |  | ~mission(Hint_Location) |  | For a comprehensive list of where to find these minerals, consult <EM4>Mining Fundamentals #2: Where to Mine</EM4> in your mobiGlas Journal. |  | All Shubin Interstellar c"
21.8,Shubin_Industrial_ShipMining_Stanton_VH_Interstellar_Desc_001,4.6.0-LIVE,4.6.0-PTU,0.4351,,,,"-Purchase Order | +Industrial | -<EM4>~mission(System) </EM4> | +~mission(System) REQ EXPERIENCE: Ship Mining | -currently looking to fulfil another purchase order for | +in need of | -refined materials. We appreciate | +ore, mineable from numerous locations across <EM4>~mission(System)</EM4>. ~mission(Hint_Location) For a comprehensive l… | -help in | +mobiGlas Journal. All Shubin Interstellar contractors are expected to provide their own equipment. For","POSTING: Purchase Order | LOCATION: <EM4>~mission(System) </EM4> |  | TERMS*:  | Shubin Interstellar is currently looking to fulfil another purchase order for a variety of refined materials. We appreciate your help in this matter. |  | ~mission(Hint_Location) |  | Reminder, all the <EM4>materials must be refined before delivery</EM4>, and since this is a purchase order and not a mining contract, you are expected ","POSTING: Industrial | LOCATION: ~mission(System) | REQ EXPERIENCE: Ship Mining |  | TERMS*:  |  | Shubin Interstellar is in need of a variety of ore, mineable from numerous locations across <EM4>~mission(System)</EM4>. |  | ~mission(Hint_Location) |  | For a comprehensive list of where to find these minerals, consult <EM4>Mining Fundamentals #2: Where to Mine</EM4> in your mobiGlas Journal. |  | All Shubin Interstellar c"
21.64,Shubin_Industrial_GroundVehicle_Stanton_M_PlanetarySystem_Title_001,4.6.0-LIVE,4.6.0-PTU,0.439,,,,-Small Purchase Order: Vehicle Mined Ore | +Ground Vehicle Mining Request: Medium Scale,Small Purchase Order: Vehicle Mined Ore,Ground Vehicle Mining Request: Medium Scale
21.38,Shubin_Industrial_HandMining_Pyro_E_Local_Desc_001,4.6.0-LIVE,4.6.0-PTU,0.4455,,,,"-Purchase Order | +Industrial | -<EM4>~mission(System) </EM4> | +~mission(System) REQ EXPERIENCE: Hand Mining | -Due to changes in our sourcing pipeline, | -currently looking to purchase | +in need of | -materials | +ore | -independent miners operating in the area. While selling at a trade hub may net you a more competitive price than fulfil… | +numerous locations across <EM4>~mission(System)</EM4>.","POSTING: Purchase Order | LOCATION: <EM4>~mission(System) </EM4> |  | TERMS*:  | Due to changes in our sourcing pipeline, Shubin Interstellar is currently looking to purchase a variety of materials from independent miners operating in the area. While selling at a trade hub may net you a more competitive price than fulfilling our order, many miners find that strengthening their ties to Shubin to be a wise ","POSTING: Industrial | LOCATION: ~mission(System) | REQ EXPERIENCE: Hand Mining |  | TERMS*:  |  | Shubin Interstellar is in need of a variety of ore from numerous locations across <EM4>~mission(System)</EM4>. |  | ~mission(Hint_Location) |  | For a comprehensive list of where to find these minerals, consult <EM4>Mining Fundamentals #2: Where to Mine</EM4> in your mobiGlas Journal. |  | All Shubin Interstellar contractors"
21.37,Shubin_Industrial_HandMining_Nyx_S_Interstellar_Desc_002,4.6.0-LIVE,4.6.0-PTU,0.4458,,,,"-Purchase Order | +Industrial | -<EM4>~mission(System) </EM4> | +~mission(System) REQ EXPERIENCE: Hand Mining | -currently looking to fulfil another purchase order for | +in need of | -materials. We appreciate | +ore, mineable from numerous locations across <EM4>~mission(System)</EM4>. ~mission(Hint_Location) For a comprehensive l… | -help in | +mobiGlas Journal. All Shubin Interstellar contractors are expected to provide their own equipment. For","POSTING: Purchase Order | LOCATION: <EM4>~mission(System) </EM4> |  | TERMS*:  | Shubin Interstellar is currently looking to fulfil another purchase order for a variety of materials. We appreciate your help in this matter. |  | ~mission(Hint_Location) There have been reported kopion sightings within the area, so caution is advised. |  | Reminder, since this is a purchase order and not a mining contract, you are e","POSTING: Industrial | LOCATION: ~mission(System) | REQ EXPERIENCE: Hand Mining |  | TERMS*:  |  | Shubin Interstellar is in need of a variety of ore, mineable from numerous locations across <EM4>~mission(System)</EM4>. |  | ~mission(Hint_Location) |  | For a comprehensive list of where to find these minerals, consult <EM4>Mining Fundamentals #2: Where to Mine</EM4> in your mobiGlas Journal. |  | All Shubin Interstellar c"
20.74,Shubin_Industrial_GroundVehicle_Nyx_VH_Interstellar_Title_001,4.6.0-LIVE,4.6.0-PTU,0.4615,,,,-XL Purchase Order: Vehicle Mined Ore | +Ground Vehicle Mining Request: Major Scale,XL Purchase Order: Vehicle Mined Ore,Ground Vehicle Mining Request: Major Scale
20.74,Shubin_Industrial_GroundVehicle_Pyro_VH_Interstellar_Title_001,4.6.0-LIVE,4.6.0-PTU,0.4615,,,,-XL Purchase Order: Vehicle Mined Ore | +Ground Vehicle Mining Request: Major Scale,XL Purchase Order: Vehicle Mined Ore,Ground Vehicle Mining Request: Major Scale
20.74,Shubin_Industrial_GroundVehicle_Stanton_VH_Solar_Title_001,4.6.0-LIVE,4.6.0-PTU,0.4615,,,,-XL Purchase Order: Vehicle Mined Ore | +Ground Vehicle Mining Request: Major Scale,XL Purchase Order: Vehicle Mined Ore,Ground Vehicle Mining Request: Major Scale
20.31,Shubin_Industrial_HandMining_Pyro_S_Solar_Desc_001,4.6.0-LIVE,4.6.0-PTU,0.4723,,,,"-Purchase Order | +Industrial | -<EM4>~mission(System) </EM4> | +~mission(System) REQ EXPERIENCE: Hand Mining | -currently looking to fulfil another purchase order for | +in need of | -materials. We appreciate | +ore, mineable from numerous locations across <EM4>~mission(System)</EM4>. ~mission(Hint_Location) For a comprehensive l… | -help in this matter. ~mission(Hint_Location) Reminder, since this is a purchase order and not a mining contract, you | +mobiGlas Journal. All Shubin Interstellar contractors","POSTING: Purchase Order | LOCATION: <EM4>~mission(System) </EM4> |  | TERMS*:  | Shubin Interstellar is currently looking to fulfil another purchase order for a variety of materials. We appreciate your help in this matter. |  | ~mission(Hint_Location)  |  | Reminder, since this is a purchase order and not a mining contract, you are expected to provide your own equipment, such as a <EM4>~mission(Hint_Tool)</EM4>. | ","POSTING: Industrial | LOCATION: ~mission(System) | REQ EXPERIENCE: Hand Mining |  | TERMS*:  |  | Shubin Interstellar is in need of a variety of ore, mineable from numerous locations across <EM4>~mission(System)</EM4>. |  | ~mission(Hint_Location) |  | For a comprehensive list of where to find these minerals, consult <EM4>Mining Fundamentals #2: Where to Mine</EM4> in your mobiGlas Journal. |  | All Shubin Interstellar c"
20.2,Shubin_Industrial_GroundVehicle_Pyro_H_Solar_Title_001,4.6.0-LIVE,4.6.0-PTU,0.475,,,,-Lrg. Purchase Order: Vehicle Mined Ore | +Ground Vehicle Mining Request: Large Scale,Lrg. Purchase Order: Vehicle Mined Ore,Ground Vehicle Mining Request: Large Scale
19.74,Shubin_Industrial_ShipMining_Nyx_E_Local_Desc_001,4.6.0-LIVE,4.6.0-PTU,0.4864,,,,"-Purchase Order | +Industrial | -<EM4>~mission(System) </EM4> | +~mission(System) REQ EXPERIENCE: Ship Mining | -Due to changes in our sourcing pipeline, | -currently looking to purchase | +in need of | -refined materials | +ore, mineable | -independent miners operating in the area. While selling at a trade hub may net you a more competitive price than fulfil… | +numerous locations across <EM4>~mission(System)</EM4>.","POSTING: Purchase Order | LOCATION: <EM4>~mission(System) </EM4> |  | TERMS*:  | Due to changes in our sourcing pipeline, Shubin Interstellar is currently looking to purchase a variety of refined materials from independent miners operating in the area. While selling at a trade hub may net you a more competitive price than fulfilling our order, many miners find that strengthening their ties to Shubin to be","POSTING: Industrial | LOCATION: ~mission(System) | REQ EXPERIENCE: Ship Mining |  | TERMS*:  |  | Shubin Interstellar is in need of a variety of ore, mineable from numerous locations across <EM4>~mission(System)</EM4>. |  | ~mission(Hint_Location) |  | For a comprehensive list of where to find these minerals, consult <EM4>Mining Fundamentals #2: Where to Mine</EM4> in your mobiGlas Journal. |  | All Shubin Interstellar c"
19.74,Shubin_Industrial_ShipMining_Pyro_E_Local_Desc_001,4.6.0-LIVE,4.6.0-PTU,0.4864,,,,"-Purchase Order | +Industrial | -<EM4>~mission(System) </EM4> | +~mission(System) REQ EXPERIENCE: Ship Mining | -Due to changes in our sourcing pipeline, | -currently looking to purchase | +in need of | -refined materials | +ore, mineable | -independent miners operating in the area. While selling at a trade hub may net you a more competitive price than fulfil… | +numerous locations across <EM4>~mission(System)</EM4>.","POSTING: Purchase Order | LOCATION: <EM4>~mission(System) </EM4> |  | TERMS*:  | Due to changes in our sourcing pipeline, Shubin Interstellar is currently looking to purchase a variety of refined materials from independent miners operating in the area. While selling at a trade hub may net you a more competitive price than fulfilling our order, many miners find that strengthening their ties to Shubin to be","POSTING: Industrial | LOCATION: ~mission(System) | REQ EXPERIENCE: Ship Mining |  | TERMS*:  |  | Shubin Interstellar is in need of a variety of ore, mineable from numerous locations across <EM4>~mission(System)</EM4>. |  | ~mission(Hint_Location) |  | For a comprehensive list of where to find these minerals, consult <EM4>Mining Fundamentals #2: Where to Mine</EM4> in your mobiGlas Journal. |  | All Shubin Interstellar c"
19.74,Shubin_Industrial_ShipMining_Stanton_E_Local_Desc_001,4.6.0-LIVE,4.6.0-PTU,0.4864,,,,"-Purchase Order | +Industrial | -<EM4>~mission(System) </EM4> | +~mission(System) REQ EXPERIENCE: Ship Mining | -Due to changes in our sourcing pipeline, | -currently looking to purchase | +in need of | -refined materials | +ore, mineable | -independent miners operating in the area. While selling at a trade hub may net you a more competitive price than fulfil… | +numerous locations across <EM4>~mission(System)</EM4>.","POSTING: Purchase Order | LOCATION: <EM4>~mission(System) </EM4> |  | TERMS*:  | Due to changes in our sourcing pipeline, Shubin Interstellar is currently looking to purchase a variety of refined materials from independent miners operating in the area. While selling at a trade hub may net you a more competitive price than fulfilling our order, many miners find that strengthening their ties to Shubin to be","POSTING: Industrial | LOCATION: ~mission(System) | REQ EXPERIENCE: Ship Mining |  | TERMS*:  |  | Shubin Interstellar is in need of a variety of ore, mineable from numerous locations across <EM4>~mission(System)</EM4>. |  | ~mission(Hint_Location) |  | For a comprehensive list of where to find these minerals, consult <EM4>Mining Fundamentals #2: Where to Mine</EM4> in your mobiGlas Journal. |  | All Shubin Interstellar c"
19.53,Shubin_Industrial_GroundVehicle_Pyro_H_Solar_Desc_001,4.6.0-LIVE,4.6.0-PTU,0.4917,,,,"-Purchase Order | +Industrial | -<EM4>~mission(System) </EM4> | +~mission(System) REQ EXPERIENCE: Vehicle Mining | -currently looking to fulfil another purchase order for | +in need of | -materials. We appreciate | +ore, mineable from numerous locations across <EM4>~mission(System)</EM4>. ~mission(Hint_Location) For a comprehensive l… | -help in this matter. ~mission(Hint_Location) Reminder, since this is a purchase order and not a mining contract, you | +mobiGlas Journal. All Shubin Interstellar contractors","POSTING: Purchase Order | LOCATION: <EM4>~mission(System) </EM4> |  | TERMS*:  | Shubin Interstellar is currently looking to fulfil another purchase order for a variety of materials. We appreciate your help in this matter. |  | ~mission(Hint_Location)  |  | Reminder, since this is a purchase order and not a mining contract, you are expected to provide your own equipment, such as a <EM4>~mission(Hint_Tool)</EM4>. | ","POSTING: Industrial | LOCATION: ~mission(System) | REQ EXPERIENCE: Vehicle Mining |  | TERMS*:  |  | Shubin Interstellar is in need of a variety of ore, mineable from numerous locations across <EM4>~mission(System)</EM4>. |  | ~mission(Hint_Location) |  | For a comprehensive list of where to find these minerals, consult <EM4>Mining Fundamentals #2: Where to Mine</EM4> in your mobiGlas Journal. |  | All Shubin Interstella"
19.5,Shubin_Industrial_HandMining_Pyro_H_PlanetarySystem_Desc_001,4.6.0-LIVE,4.6.0-PTU,0.4925,,,,"-Purchase Order | +Industrial | -<EM4>~mission(System) </EM4> | +~mission(System) REQ EXPERIENCE: Hand Mining | -currently looking to fulfil another purchase order for | +in need of | -materials. We appreciate | +ore, mineable from numerous locations across <EM4>~mission(System)</EM4>. ~mission(Hint_Location) For a comprehensive l… | -help in this matter. ~mission(Hint_Location) Reminder, since this is a purchase order and not a mining contract, you | +mobiGlas Journal. All Shubin Interstellar contractors","POSTING: Purchase Order | LOCATION: <EM4>~mission(System) </EM4> |  | TERMS*:  | Shubin Interstellar is currently looking to fulfil another purchase order for a variety of materials. We appreciate your help in this matter. |  | ~mission(Hint_Location)  |  | Reminder, since this is a purchase order and not a mining contract, you are expected to provide your own equipment, such as a <EM4>~mission(Hint_Tool)</EM4>. | ","POSTING: Industrial | LOCATION: ~mission(System) | REQ EXPERIENCE: Hand Mining |  | TERMS*:  |  | Shubin Interstellar is in need of a variety of ore, mineable from numerous locations across <EM4>~mission(System)</EM4>. |  | ~mission(Hint_Location) |  | For a comprehensive list of where to find these minerals, consult <EM4>Mining Fundamentals #2: Where to Mine</EM4> in your mobiGlas Journal. |  | All Shubin Interstellar c"
19.5,Shubin_Industrial_HandMining_Pyro_VH_Interstellar_Desc_001,4.6.0-LIVE,4.6.0-PTU,0.4925,,,,"-Purchase Order | +Industrial | -<EM4>~mission(System) </EM4> | +~mission(System) REQ EXPERIENCE: Hand Mining | -currently looking to fulfil another purchase order for | +in need of | -materials. We appreciate | +ore, mineable from numerous locations across <EM4>~mission(System)</EM4>. ~mission(Hint_Location) For a comprehensive l… | -help in this matter. ~mission(Hint_Location) Reminder, since this is a purchase order and not a mining contract, you | +mobiGlas Journal. All Shubin Interstellar contractors","POSTING: Purchase Order | LOCATION: <EM4>~mission(System) </EM4> |  | TERMS*:  | Shubin Interstellar is currently looking to fulfil another purchase order for a variety of materials. We appreciate your help in this matter. |  | ~mission(Hint_Location)  |  | Reminder, since this is a purchase order and not a mining contract, you are expected to provide your own equipment, such as a <EM4>~mission(Hint_Tool)</EM4>. | ","POSTING: Industrial | LOCATION: ~mission(System) | REQ EXPERIENCE: Hand Mining |  | TERMS*:  |  | Shubin Interstellar is in need of a variety of ore, mineable from numerous locations across <EM4>~mission(System)</EM4>. |  | ~mission(Hint_Location) |  | For a comprehensive list of where to find these minerals, consult <EM4>Mining Fundamentals #2: Where to Mine</EM4> in your mobiGlas Journal. |  | All Shubin Interstellar c"
19.5,Shubin_Industrial_HandMining_Stanton_H_PlanetarySystem_Desc_001,4.6.0-LIVE,4.6.0-PTU,0.4925,,,,"-Purchase Order | +Industrial | -<EM4>~mission(System) </EM4> | +~mission(System) REQ EXPERIENCE: Hand Mining | -currently looking to fulfil another purchase order for | +in need of | -materials. We appreciate | +ore, mineable from numerous locations across <EM4>~mission(System)</EM4>. ~mission(Hint_Location) For a comprehensive l… | -help in this matter. ~mission(Hint_Location) Reminder, since this is a purchase order and not a mining contract, you | +mobiGlas Journal. All Shubin Interstellar contractors","POSTING: Purchase Order | LOCATION: <EM4>~mission(System) </EM4> |  | TERMS*:  | Shubin Interstellar is currently looking to fulfil another purchase order for a variety of materials. We appreciate your help in this matter. |  | ~mission(Hint_Location)  |  | Reminder, since this is a purchase order and not a mining contract, you are expected to provide your own equipment, such as a <EM4>~mission(Hint_Tool)</EM4>. | ","POSTING: Industrial | LOCATION: ~mission(System) | REQ EXPERIENCE: Hand Mining |  | TERMS*:  |  | Shubin Interstellar is in need of a variety of ore, mineable from numerous locations across <EM4>~mission(System)</EM4>. |  | ~mission(Hint_Location) |  | For a comprehensive list of where to find these minerals, consult <EM4>Mining Fundamentals #2: Where to Mine</EM4> in your mobiGlas Journal. |  | All Shubin Interstellar c"
19.5,Shubin_Industrial_HandMining_Stanton_H_Planetary_Solar_Desc_001,4.6.0-LIVE,4.6.0-PTU,0.4925,,,,"-Purchase Order | +Industrial | -<EM4>~mission(System) </EM4> | +~mission(System) REQ EXPERIENCE: Hand Mining | -currently looking to fulfil another purchase order for | +in need of | -materials. We appreciate | +ore, mineable from numerous locations across <EM4>~mission(System)</EM4>. ~mission(Hint_Location) For a comprehensive l… | -help in this matter. ~mission(Hint_Location) Reminder, since this is a purchase order and not a mining contract, you | +mobiGlas Journal. All Shubin Interstellar contractors","POSTING: Purchase Order | LOCATION: <EM4>~mission(System) </EM4> |  | TERMS*:  | Shubin Interstellar is currently looking to fulfil another purchase order for a variety of materials. We appreciate your help in this matter. |  | ~mission(Hint_Location)  |  | Reminder, since this is a purchase order and not a mining contract, you are expected to provide your own equipment, such as a <EM4>~mission(Hint_Tool)</EM4>. | ","POSTING: Industrial | LOCATION: ~mission(System) | REQ EXPERIENCE: Hand Mining |  | TERMS*:  |  | Shubin Interstellar is in need of a variety of ore, mineable from numerous locations across <EM4>~mission(System)</EM4>. |  | ~mission(Hint_Location) |  | For a comprehensive list of where to find these minerals, consult <EM4>Mining Fundamentals #2: Where to Mine</EM4> in your mobiGlas Journal. |  | All Shubin Interstellar c"
19.5,Shubin_Industrial_HandMining_Stanton_H_Solar_Desc_001,4.6.0-LIVE,4.6.0-PTU,0.4925,,,,"-Purchase Order | +Industrial | -<EM4>~mission(System) </EM4> | +~mission(System) REQ EXPERIENCE: Hand Mining | -currently looking to fulfil another purchase order for | +in need of | -materials. We appreciate | +ore, mineable from numerous locations across <EM4>~mission(System)</EM4>. ~mission(Hint_Location) For a comprehensive l… | -help in this matter. ~mission(Hint_Location) Reminder, since this is a purchase order and not a mining contract, you | +mobiGlas Journal. All Shubin Interstellar contractors","POSTING: Purchase Order | LOCATION: <EM4>~mission(System) </EM4> |  | TERMS*:  | Shubin Interstellar is currently looking to fulfil another purchase order for a variety of materials. We appreciate your help in this matter. |  | ~mission(Hint_Location)  |  | Reminder, since this is a purchase order and not a mining contract, you are expected to provide your own equipment, such as a <EM4>~mission(Hint_Tool)</EM4>. | ","POSTING: Industrial | LOCATION: ~mission(System) | REQ EXPERIENCE: Hand Mining |  | TERMS*:  |  | Shubin Interstellar is in need of a variety of ore, mineable from numerous locations across <EM4>~mission(System)</EM4>. |  | ~mission(Hint_Location) |  | For a comprehensive list of where to find these minerals, consult <EM4>Mining Fundamentals #2: Where to Mine</EM4> in your mobiGlas Journal. |  | All Shubin Interstellar c"
19.36,Shubin_Industrial_GroundVehicle_Pyro_E_DiscoverPlanetary_Desc_001,4.6.0-LIVE,4.6.0-PTU,0.496,,,,"-Purchase Order | +Industrial | -<EM4>~mission(System) </EM4> | +~mission(System) REQ EXPERIENCE: Vehicle Mining | -Due to changes in our sourcing pipeline, | -currently looking to purchase | +in need of | -materials | +ore, mineable | -independent miners operating in the area. While selling at a trade hub may net you a more competitive price than fulfil… | +numerous locations across <EM4>~mission(System)</EM4>. ~mission(Hint_Location)","POSTING: Purchase Order | LOCATION: <EM4>~mission(System) </EM4> |  | TERMS*:  | Due to changes in our sourcing pipeline, Shubin Interstellar is currently looking to purchase a variety of materials from independent miners operating in the area. While selling at a trade hub may net you a more competitive price than fulfilling our order, many miners find that strengthening their ties to Shubin to be a wise ","POSTING: Industrial | LOCATION: ~mission(System) | REQ EXPERIENCE: Vehicle Mining |  | TERMS*:  |  | Shubin Interstellar is in need of a variety of ore, mineable from numerous locations across <EM4>~mission(System)</EM4>. |  | ~mission(Hint_Location) |  | For a comprehensive list of where to find these minerals, consult <EM4>Mining Fundamentals #2: Where to Mine</EM4> in your mobiGlas Journal. |  | All Shubin Interstella"
19.36,Shubin_Industrial_GroundVehicle_Stanton_M_PlanetarySystem_Desc_001,4.6.0-LIVE,4.6.0-PTU,0.496,,,,"-Purchase Order | +Industrial | -<EM4>~mission(System) </EM4> | +~mission(System) REQ EXPERIENCE: Vehicle Mining | -Due to changes in our sourcing pipeline, | -currently looking to purchase | +in need of | -materials | +ore, mineable | -independent miners operating in the area. While selling at a trade hub may net you a more competitive price than fulfil… | +numerous locations across <EM4>~mission(System)</EM4>. ~mission(Hint_Location)","POSTING: Purchase Order | LOCATION: <EM4>~mission(System) </EM4> |  | TERMS*:  | Due to changes in our sourcing pipeline, Shubin Interstellar is currently looking to purchase a variety of materials from independent miners operating in the area. While selling at a trade hub may net you a more competitive price than fulfilling our order, many miners find that strengthening their ties to Shubin to be a wise ","POSTING: Industrial | LOCATION: ~mission(System) | REQ EXPERIENCE: Vehicle Mining |  | TERMS*:  |  | Shubin Interstellar is in need of a variety of ore, mineable from numerous locations across <EM4>~mission(System)</EM4>. |  | ~mission(Hint_Location) |  | For a comprehensive list of where to find these minerals, consult <EM4>Mining Fundamentals #2: Where to Mine</EM4> in your mobiGlas Journal. |  | All Shubin Interstella"
19.29,Shubin_Industrial_GroundVehicle_Stanton_E_DiscoverPlanetary_Desc_001,4.6.0-LIVE,4.6.0-PTU,0.4978,,,,"-Purchase Order | +Industrial | -<EM4>~mission(System) </EM4> | +~mission(System) REQ EXPERIENCE: Vehicle Mining | -Due to changes in our sourcing pipeline, | -currently looking to purchase | +in need of | -materials | +ore, mineable | -independent miners operating in the area. While selling at a trade hub may net you a more competitive price than fulfil… | +numerous locations across <EM4>~mission(System)</EM4>.","POSTING: Purchase Order | LOCATION: <EM4>~mission(System) </EM4> |  | TERMS*:  | Due to changes in our sourcing pipeline, Shubin Interstellar is currently looking to purchase a variety of materials from independent miners operating in the area. While selling at a trade hub may net you a more competitive price than fulfilling our order, many miners find that strengthening their ties to Shubin to be a wise ","POSTING: Industrial | LOCATION: ~mission(System) | REQ EXPERIENCE: Vehicle Mining |  | TERMS*:  |  | Shubin Interstellar is in need of a variety of ore, mineable from numerous locations across <EM4>~mission(System)</EM4>. |  | ~mission(Hint_Location) |  | For a comprehensive list of where to find these minerals, consult <EM4>Mining Fundamentals #2: Where to Mine</EM4> in your mobiGlas Journal. |  | All Shubin Interstella"
19.28,Shubin_Industrial_HandMining_Nyx_E_Interstellar_Desc_001,4.6.0-LIVE,4.6.0-PTU,0.498,,,,"-Purchase Order | +Industrial | -<EM4>~mission(System) </EM4> | +~mission(System) REQ EXPERIENCE: Hand Mining | -Due to changes in our sourcing pipeline, | -currently looking to purchase | +in need of | -materials | +ore, mineable | -independent miners operating in the area. While selling at a trade hub may net you a more competitive price than fulfil… | +numerous locations across <EM4>~mission(System)</EM4>.","POSTING: Purchase Order | LOCATION: <EM4>~mission(System) </EM4> |  | TERMS*:  | Due to changes in our sourcing pipeline, Shubin Interstellar is currently looking to purchase a variety of materials from independent miners operating in the area. While selling at a trade hub may net you a more competitive price than fulfilling our order, many miners find that strengthening their ties to Shubin to be a wise ","POSTING: Industrial | LOCATION: ~mission(System) | REQ EXPERIENCE: Hand Mining |  | TERMS*:  |  | Shubin Interstellar is in need of a variety of ore, mineable from numerous locations across <EM4>~mission(System)</EM4>. |  | ~mission(Hint_Location) |  | For a comprehensive list of where to find these minerals, consult <EM4>Mining Fundamentals #2: Where to Mine</EM4> in your mobiGlas Journal. |  | All Shubin Interstellar c"
19.26,Shubin_Industrial_HandMining_Stanton_E_PlanetarySystem_Desc_001,4.6.0-LIVE,4.6.0-PTU,0.4984,,,,"-Purchase Order | +Industrial | -<EM4>~mission(System) </EM4> | +~mission(System) REQ EXPERIENCE: Hand Mining | -Due to changes in our sourcing pipeline, | -currently looking to purchase | +in need of | -materials | +ore, mineable | -independent miners operating in the area. While selling at a trade hub may net you a more competitive price than fulfil… | +numerous locations across <EM4>~mission(System)</EM4>.","POSTING: Purchase Order | LOCATION: <EM4>~mission(System) </EM4> |  | TERMS*:  | Due to changes in our sourcing pipeline, Shubin Interstellar is currently looking to purchase a variety of materials from independent miners operating in the area. While selling at a trade hub may net you a more competitive price than fulfilling our order, many miners find that strengthening their ties to Shubin to be a wise ","POSTING: Industrial | LOCATION: ~mission(System) | REQ EXPERIENCE: Hand Mining |  | TERMS*:  |  | Shubin Interstellar is in need of a variety of ore, mineable from numerous locations across <EM4>~mission(System)</EM4>. |  | ~mission(Hint_Location) |  | For a comprehensive list of where to find these minerals, consult <EM4>Mining Fundamentals #2: Where to Mine</EM4> in your mobiGlas Journal. |  | All Shubin Interstellar c"
18.76,Shubin_Industrial_ShipMining_Nyx_VE_Local_Desc_001,4.6.0-LIVE,4.6.0-PTU,0.5111,,,,"-Purchase Order | +Industrial | -<EM4>~mission(System) </EM4> | +~mission(System) REQ EXPERIENCE: Ship Mining | -Due to changes in our sourcing pipeline, | -currently looking to purchase | +in need of | -refined materials | +ore, mineable | -independent miners operating in the area. While selling at a trade hub may net you a more competitive price than fulfil… | +numerous locations across <EM4>~mission(System)</EM4>.","POSTING: Purchase Order | LOCATION: <EM4>~mission(System) </EM4> |  | TERMS*:  | Due to changes in our sourcing pipeline, Shubin Interstellar is currently looking to purchase a variety of refined materials from independent miners operating in the area. While selling at a trade hub may net you a more competitive price than fulfilling our order, many miners find that strengthening their ties to Shubin to be","POSTING: Industrial | LOCATION: ~mission(System) | REQ EXPERIENCE: Ship Mining |  | TERMS*:  |  | Shubin Interstellar is in need of a variety of ore, mineable from numerous locations across <EM4>~mission(System)</EM4>. |  | ~mission(Hint_Location) |  | For a comprehensive list of where to find these minerals, consult <EM4>Mining Fundamentals #2: Where to Mine</EM4> in your mobiGlas Journal. |  | All Shubin Interstellar c"
18.76,Shubin_Industrial_ShipMining_Pyro_VE_Local_Desc_001,4.6.0-LIVE,4.6.0-PTU,0.5111,,,,"-Purchase Order | +Industrial | -<EM4>~mission(System) </EM4> | +~mission(System) REQ EXPERIENCE: Ship Mining | -Due to changes in our sourcing pipeline, | -currently looking to purchase | +in need of | -refined materials | +ore, mineable | -independent miners operating in the area. While selling at a trade hub may net you a more competitive price than fulfil… | +numerous locations across <EM4>~mission(System)</EM4>.","POSTING: Purchase Order | LOCATION: <EM4>~mission(System) </EM4> |  | TERMS*:  | Due to changes in our sourcing pipeline, Shubin Interstellar is currently looking to purchase a variety of refined materials from independent miners operating in the area. While selling at a trade hub may net you a more competitive price than fulfilling our order, many miners find that strengthening their ties to Shubin to be","POSTING: Industrial | LOCATION: ~mission(System) | REQ EXPERIENCE: Ship Mining |  | TERMS*:  |  | Shubin Interstellar is in need of a variety of ore, mineable from numerous locations across <EM4>~mission(System)</EM4>. |  | ~mission(Hint_Location) |  | For a comprehensive list of where to find these minerals, consult <EM4>Mining Fundamentals #2: Where to Mine</EM4> in your mobiGlas Journal. |  | All Shubin Interstellar c"
18.76,Shubin_Industrial_ShipMining_Stanton_VE_Local_Desc_001,4.6.0-LIVE,4.6.0-PTU,0.5109,,,,"-Purchase Order | +Industrial | -<EM4>~mission(System) </EM4> | +~mission(System) REQ EXPERIENCE: Ship Mining | -Due to changes in our sourcing pipeline, | -currently looking to purchase | +in need of | -refined materials | +ore, mineable | -independent miners operating in the area. While selling at a trade hub may net you a more competitive price than fulfil… | +numerous locations across <EM4>~mission(System)</EM4>.","POSTING: Purchase Order | LOCATION: <EM4>~mission(System) </EM4> |  | TERMS*:  | Due to changes in our sourcing pipeline, Shubin Interstellar is currently looking to purchase a variety of refined materials from independent miners operating in the area. While selling at a trade hub may net you a more competitive price than fulfilling our order, many miners find that strengthening their ties to Shubin to be","POSTING: Industrial | LOCATION: ~mission(System) | REQ EXPERIENCE: Ship Mining |  | TERMS*:  |  | Shubin Interstellar is in need of a variety of ore, mineable from numerous locations across <EM4>~mission(System)</EM4>. |  | ~mission(Hint_Location) |  | For a comprehensive list of where to find these minerals, consult <EM4>Mining Fundamentals #2: Where to Mine</EM4> in your mobiGlas Journal. |  | All Shubin Interstellar c"
16.52,Shubin_Industrial_GroundVehicle_Nyx_VH_Interstellar_Desc_001,4.6.0-LIVE,4.6.0-PTU,0.5671,,,,"-Purchase Order | +Industrial | -<EM4>~mission(System) </EM4> | +~mission(System) REQ EXPERIENCE: Vehicle Mining | -currently looking to fulfil another purchase order for rare materials. We appreciate your help in this matter. There ar… | +in need of some extremely valuable ore, located in <EM4>~mission(System)</EM4>. Our surveyors have reported that the | -sites | +were able to access this ore | -access the materials | +mine the ore","POSTING: Purchase Order | LOCATION: <EM4>~mission(System) </EM4> |  | TERMS*:  | Shubin Interstellar is currently looking to fulfil another purchase order for rare materials. We appreciate your help in this matter. |  | There are only a few known locations where these materials can be sourced, mainly from now defunct Hathor Group sites on <EM4>Daymar and Aberdeen</EM4>. Our suggestion would be to head to the ","POSTING: Industrial | LOCATION: ~mission(System) | REQ EXPERIENCE: Vehicle Mining |  | TERMS*:  |  | Shubin Interstellar is in need of some extremely valuable ore, located in <EM4>~mission(System)</EM4>. |  | Our surveyors have reported that the now defunct Hathor Group were able to access this ore on <EM4>Daymar and Aberdeen</EM4>. Our suggestion would be to head to the Platform Alignment Facilities (PAF) and at"
16.52,Shubin_Industrial_GroundVehicle_Pyro_VH_Interstellar_Desc_001,4.6.0-LIVE,4.6.0-PTU,0.5671,,,,"-Purchase Order | +Industrial | -<EM4>~mission(System) </EM4> | +~mission(System) REQ EXPERIENCE: Vehicle Mining | -currently looking to fulfil another purchase order for rare materials. We appreciate your help in this matter. There ar… | +in need of some extremely valuable ore, located in <EM4>~mission(System)</EM4>. Our surveyors have reported that the | -sites | +were able to access this ore | -access the materials | +mine the ore","POSTING: Purchase Order | LOCATION: <EM4>~mission(System) </EM4> |  | TERMS*:  | Shubin Interstellar is currently looking to fulfil another purchase order for rare materials. We appreciate your help in this matter. |  | There are only a few known locations where these materials can be sourced, mainly from now defunct Hathor Group sites on <EM4>Daymar and Aberdeen</EM4>. Our suggestion would be to head to the ","POSTING: Industrial | LOCATION: ~mission(System) | REQ EXPERIENCE: Vehicle Mining |  | TERMS*:  |  | Shubin Interstellar is in need of some extremely valuable ore, located in <EM4>~mission(System)</EM4>. |  | Our surveyors have reported that the now defunct Hathor Group were able to access this ore on <EM4>Daymar and Aberdeen</EM4>. Our suggestion would be to head to the Platform Alignment Facilities (PAF) and at"
16.52,Shubin_Industrial_GroundVehicle_Stanton_VH_Solar_Desc_001,4.6.0-LIVE,4.6.0-PTU,0.5671,,,,"-Purchase Order | +Industrial | -<EM4>~mission(System) </EM4> | +~mission(System) REQ EXPERIENCE: Vehicle Mining | -currently looking to fulfil another purchase order for rare materials. We appreciate your help in this matter. There ar… | +in need of some extremely valuable ore, located in <EM4>~mission(System)</EM4>. Our surveyors have reported that the | -sites | +were able to access this ore | -access the materials | +mine the ore","POSTING: Purchase Order | LOCATION: <EM4>~mission(System) </EM4> |  | TERMS*:  | Shubin Interstellar is currently looking to fulfil another purchase order for rare materials. We appreciate your help in this matter. |  | There are only a few known locations where these materials can be sourced, mainly from now defunct Hathor Group sites on <EM4>Daymar and Aberdeen</EM4>. Our suggestion would be to head to the ","POSTING: Industrial | LOCATION: ~mission(System) | REQ EXPERIENCE: Vehicle Mining |  | TERMS*:  |  | Shubin Interstellar is in need of some extremely valuable ore, located in <EM4>~mission(System)</EM4>. |  | Our surveyors have reported that the now defunct Hathor Group were able to access this ore on <EM4>Daymar and Aberdeen</EM4>. Our suggestion would be to head to the Platform Alignment Facilities (PAF) and at"
16.51,Shubin_Industrial_HandMining_Pyro_Nyx_VH_Interstellar_Desc_001,4.6.0-LIVE,4.6.0-PTU,0.5672,,,,"-Purchase Order | +Industrial | -<EM4>~mission(System) </EM4> | +~mission(System) REQ EXPERIENCE: Hand Mining | -currently looking to fulfil another purchase order for rare materials. We appreciate your help in this matter. There ar… | +in need of some extremely valuable ore, located in <EM4>~mission(System)</EM4>. Our surveyors have reported that the | -sites | +were able to access this ore | -access the materials | +mine the ore","POSTING: Purchase Order | LOCATION: <EM4>~mission(System) </EM4> |  | TERMS*:  | Shubin Interstellar is currently looking to fulfil another purchase order for rare materials. We appreciate your help in this matter. |  | There are only a few known locations where these materials can be sourced, mainly from now defunct Hathor Group sites on <EM4>Daymar and Aberdeen</EM4>. Our suggestion would be to head to the ","POSTING: Industrial | LOCATION: ~mission(System) | REQ EXPERIENCE: Hand Mining |  | TERMS*: |  | Shubin Interstellar is in need of some extremely valuable ore, located in <EM4>~mission(System)</EM4>. |  | Our surveyors have reported that the now defunct Hathor Group were able to access this ore on <EM4>Daymar and Aberdeen</EM4>. Our suggestion would be to head to the Platform Alignment Facilities (PAF) and attemp"
16.51,Shubin_Industrial_HandMining_Stanton_VH_Solar_Desc_001,4.6.0-LIVE,4.6.0-PTU,0.5672,,,,"-Purchase Order | +Industrial | -<EM4>~mission(System) </EM4> | +~mission(System) REQ EXPERIENCE: Hand Mining | -currently looking to fulfil another purchase order for rare materials. We appreciate your help in this matter. There ar… | +in need of some extremely valuable ore, located in <EM4>~mission(System)</EM4>. Our surveyors have reported that the | -sites | +were able to access this ore | -access the materials | +mine the ore","POSTING: Purchase Order | LOCATION: <EM4>~mission(System) </EM4> |  | TERMS*:  | Shubin Interstellar is currently looking to fulfil another purchase order for rare materials. We appreciate your help in this matter. |  | There are only a few known locations where these materials can be sourced, mainly from now defunct Hathor Group sites on <EM4>Daymar and Aberdeen</EM4>. Our suggestion would be to head to the ","POSTING: Industrial | LOCATION: ~mission(System) | REQ EXPERIENCE: Hand Mining |  | TERMS*: |  | Shubin Interstellar is in need of some extremely valuable ore, located in <EM4>~mission(System)</EM4>. |  | Our surveyors have reported that the now defunct Hathor Group were able to access this ore on <EM4>Daymar and Aberdeen</EM4>. Our suggestion would be to head to the Platform Alignment Facilities (PAF) and attemp"
16.49,Shubin_Industrial_HandMining_Nyx_S_Interstellar_Desc,4.6.0-LIVE,4.6.0-PTU,0.5678,,,,"-Purchase Order | +Industrial | -<EM4>~mission(System) </EM4> | +~mission(System) REQ EXPERIENCE: Hand Mining | -currently looking to fulfil another purchase order for rare materials. We appreciate your help in this matter. There ar… | +in need of some extremely valuable ore, located in <EM4>~mission(System)</EM4>. Our surveyors have reported that the | -sites | +were able to access this ore | -access the materials | +mine the ore","POSTING: Purchase Order | LOCATION: <EM4>~mission(System) </EM4> |  | TERMS*:  | Shubin Interstellar is currently looking to fulfil another purchase order for rare materials. We appreciate your help in this matter. |  | There are only a few known locations where these materials can be sourced, mainly from now defunct Hathor Group sites on <EM4>Daymar and Aberdeen</EM4>. Our suggestion would be to head to the ","POSTING: Industrial | LOCATION: ~mission(System) | REQ EXPERIENCE: Hand Mining |  | TERMS*:  |  | Shubin Interstellar is in need of some extremely valuable ore, located in <EM4>~mission(System)</EM4>. |  | Our surveyors have reported that the now defunct Hathor Group were able to access this ore on <EM4>Daymar and Aberdeen</EM4>. Our suggestion would be to head to the Platform Alignment Facilities (PAF) and attem"
16.49,Shubin_Industrial_HandMining_Pyro_S_Interstellar_Desc_001,4.6.0-LIVE,4.6.0-PTU,0.5678,,,,"-Purchase Order | +Industrial | -<EM4>~mission(System) </EM4> | +~mission(System) REQ EXPERIENCE: Hand Mining | -currently looking to fulfil another purchase order for rare materials. We appreciate your help in this matter. There ar… | +in need of some extremely valuable ore, located in <EM4>~mission(System)</EM4>. Our surveyors have reported that the | -sites | +were able to access this ore | -access the materials | +mine the ore","POSTING: Purchase Order | LOCATION: <EM4>~mission(System) </EM4> |  | TERMS*:  | Shubin Interstellar is currently looking to fulfil another purchase order for rare materials. We appreciate your help in this matter. |  | There are only a few known locations where these materials can be sourced, mainly from now defunct Hathor Group sites on <EM4>Daymar and Aberdeen</EM4>. Our suggestion would be to head to the ","POSTING: Industrial | LOCATION: ~mission(System) | REQ EXPERIENCE: Hand Mining |  | TERMS*:  |  | Shubin Interstellar is in need of some extremely valuable ore, located in <EM4>~mission(System)</EM4>. |  | Our surveyors have reported that the now defunct Hathor Group were able to access this ore on <EM4>Daymar and Aberdeen</EM4>. Our suggestion would be to head to the Platform Alignment Facilities (PAF) and attem"
16.49,Shubin_Industrial_HandMining_Stanton_S_Solar_Desc,4.6.0-LIVE,4.6.0-PTU,0.5678,,,,"-Purchase Order | +Industrial | -<EM4>~mission(System) </EM4> | +~mission(System) REQ EXPERIENCE: Hand Mining | -currently looking to fulfil another purchase order for rare materials. We appreciate your help in this matter. There ar… | +in need of some extremely valuable ore, located in <EM4>~mission(System)</EM4>. Our surveyors have reported that the | -sites | +were able to access this ore | -access the materials | +mine the ore","POSTING: Purchase Order | LOCATION: <EM4>~mission(System) </EM4> |  | TERMS*:  | Shubin Interstellar is currently looking to fulfil another purchase order for rare materials. We appreciate your help in this matter. |  | There are only a few known locations where these materials can be sourced, mainly from now defunct Hathor Group sites on <EM4>Daymar and Aberdeen</EM4>. Our suggestion would be to head to the ","POSTING: Industrial | LOCATION: ~mission(System) | REQ EXPERIENCE: Hand Mining |  | TERMS*:  |  | Shubin Interstellar is in need of some extremely valuable ore, located in <EM4>~mission(System)</EM4>. |  | Our surveyors have reported that the now defunct Hathor Group were able to access this ore on <EM4>Daymar and Aberdeen</EM4>. Our suggestion would be to head to the Platform Alignment Facilities (PAF) and attem"
16.41,Badge_CleanAir_Personal_T4_Desc,4.6.0-LIVE,4.6.0-PTU,0.5697,,,,"-You've | +You have | -Camo, ParaMed AA Support Device, and Item Fabricator (Upon Release) | +Camo Livery","You've been awarded: Perseus Alliance Aid Camo, ParaMed AA Support Device, and Item Fabricator (Upon Release) | ",You have been awarded: Perseus Alliance Aid Camo Livery
15.73,Shubin_Industrial_GroundVehicle_Pyro_M_PlanetarySystem_Desc_001,4.6.0-LIVE,4.6.0-PTU,0.5866,,,,"-Purchase Order | +Industrial | -<EM4>~mission(System) </EM4> | +~mission(System) REQ EXPERIENCE: Vehicle Mining | -currently looking to fulfil another purchase order for | +in need of | -materials. We appreciate your help in this matter. ~~mission(Hint_Location) | +ore, mineable from numerous locations across <EM4>~mission(System)</EM4>. ~mission(Hint_Location) | -Since this is a purchase order and not a mining contract, you | +All Shubin Interstellar contractors","POSTING: Purchase Order | LOCATION: <EM4>~mission(System) </EM4> |  | TERMS*:  | Shubin Interstellar is currently looking to fulfil another purchase order for a variety of materials. We appreciate your help in this matter. |  | ~~mission(Hint_Location) For a comprehensive list of where to find these minerals, consult <EM4>Mining Fundamentals #2: Where to Mine</EM4> in your mobiGlas Journal. |  | Since this is a p","POSTING: Industrial | LOCATION: ~mission(System) | REQ EXPERIENCE: Vehicle Mining |  | TERMS*:  |  | Shubin Interstellar is in need of a variety of ore, mineable from numerous locations across <EM4>~mission(System)</EM4>. |  | ~mission(Hint_Location) |  | For a comprehensive list of where to find these minerals, consult <EM4>Mining Fundamentals #2: Where to Mine</EM4> in your mobiGlas Journal. |  | All Shubin Interstella"
15.73,Shubin_Industrial_GroundVehicle_Stanton_H_Solar_Desc_001,4.6.0-LIVE,4.6.0-PTU,0.5866,,,,"-Purchase Order | +Industrial | -<EM4>~mission(System) </EM4> | +~mission(System) REQ EXPERIENCE: Vehicle Mining | -currently looking to fulfil another purchase order for | +in need of | -materials. We appreciate your help in this matter. ~~mission(Hint_Location) | +ore, mineable from numerous locations across <EM4>~mission(System)</EM4>. ~mission(Hint_Location) | -Since this is a purchase order and not a mining contract, you | +All Shubin Interstellar contractors","POSTING: Purchase Order | LOCATION: <EM4>~mission(System) </EM4> |  | TERMS*:  | Shubin Interstellar is currently looking to fulfil another purchase order for a variety of materials. We appreciate your help in this matter. |  | ~~mission(Hint_Location) For a comprehensive list of where to find these minerals, consult <EM4>Mining Fundamentals #2: Where to Mine</EM4> in your mobiGlas Journal. |  | Since this is a p","POSTING: Industrial | LOCATION: ~mission(System) | REQ EXPERIENCE: Vehicle Mining |  | TERMS*:  |  | Shubin Interstellar is in need of a variety of ore, mineable from numerous locations across <EM4>~mission(System)</EM4>. |  | ~mission(Hint_Location) |  | For a comprehensive list of where to find these minerals, consult <EM4>Mining Fundamentals #2: Where to Mine</EM4> in your mobiGlas Journal. |  | All Shubin Interstella"
15.62,Shubin_Industrial_HandMining_Pyro_M_DiscoverPlanetary_Desc_001,4.6.0-LIVE,4.6.0-PTU,0.5896,,,,"-Purchase Order | +Industrial | -<EM4>~mission(System) </EM4> | +~mission(System) REQ EXPERIENCE: Hand Mining | -currently looking to fulfil another purchase order for | +in need of | -materials. We appreciate your help in this matter. | +ore, mineable from numerous locations across <EM4>~mission(System)</EM4>.","POSTING: Purchase Order | LOCATION: <EM4>~mission(System) </EM4> |  | TERMS*:  | Shubin Interstellar is currently looking to fulfil another purchase order for a variety of materials. We appreciate your help in this matter. |  | ~mission(Hint_Location) For a comprehensive list of where to find these minerals, consult <EM4>Mining Fundamentals #2: Where to Mine</EM4> in your mobiGlas Journal. |  | Since this is a pu","POSTING: Industrial | LOCATION: ~mission(System) | REQ EXPERIENCE: Hand Mining |  | TERMS*:  |  | Shubin Interstellar is in need of a variety of ore, mineable from numerous locations across <EM4>~mission(System)</EM4>. |  | ~mission(Hint_Location) |  | For a comprehensive list of where to find these minerals, consult <EM4>Mining Fundamentals #2: Where to Mine</EM4> in your mobiGlas Journal. |  | All Shubin Interstellar c"
15.62,Shubin_Industrial_HandMining_Stanton_M_DiscoverPlanetary_Desc_001,4.6.0-LIVE,4.6.0-PTU,0.5896,,,,"-Purchase Order | +Industrial | -<EM4>~mission(System) </EM4> | +~mission(System) REQ EXPERIENCE: Hand Mining | -currently looking to fulfil another purchase order for | +in need of | -materials. We appreciate your help in this matter. | +ore, mineable from numerous locations across <EM4>~mission(System)</EM4>.","POSTING: Purchase Order | LOCATION: <EM4>~mission(System) </EM4> |  | TERMS*:  | Shubin Interstellar is currently looking to fulfil another purchase order for a variety of materials. We appreciate your help in this matter. |  | ~mission(Hint_Location) For a comprehensive list of where to find these minerals, consult <EM4>Mining Fundamentals #2: Where to Mine</EM4> in your mobiGlas Journal. |  | Since this is a pu","POSTING: Industrial | LOCATION: ~mission(System) | REQ EXPERIENCE: Hand Mining |  | TERMS*:  |  | Shubin Interstellar is in need of a variety of ore, mineable from numerous locations across <EM4>~mission(System)</EM4>. |  | ~mission(Hint_Location) |  | For a comprehensive list of where to find these minerals, consult <EM4>Mining Fundamentals #2: Where to Mine</EM4> in your mobiGlas Journal. |  | All Shubin Interstellar c"
14.46,Shubin_Industrial_ShipMining_Nyx_M_Solar_Desc_001,4.6.0-LIVE,4.6.0-PTU,0.6184,,,,"-Purchase Order | +Industrial | -<EM4>~mission(System) </EM4> | +~mission(System) REQ EXPERIENCE: Ship Mining | -currently looking to fulfil another purchase order for | +in need of | -refined materials. We appreciate your help in this matter. | +ore, mineable from numerous locations across <EM4>~mission(System)</EM4>.","POSTING: Purchase Order | LOCATION: <EM4>~mission(System) </EM4> |  | TERMS*:  | Shubin Interstellar is currently looking to fulfil another purchase order for a variety of refined materials. We appreciate your help in this matter. |  | ~mission(Hint_Location) For a comprehensive list of where to find these minerals, consult <EM4>Mining Fundamentals #2: Where to Mine</EM4> in your mobiGlas Journal. |  | Since this","POSTING: Industrial | LOCATION: ~mission(System) | REQ EXPERIENCE: Ship Mining |  | TERMS*:  |  | Shubin Interstellar is in need of a variety of ore, mineable from numerous locations across <EM4>~mission(System)</EM4>. |  | ~mission(Hint_Location) |  | For a comprehensive list of where to find these minerals, consult <EM4>Mining Fundamentals #2: Where to Mine</EM4> in your mobiGlas Journal. |  | All Shubin Interstellar c"
14.46,Shubin_Industrial_ShipMining_Pyro_M_Solar_Desc_001,4.6.0-LIVE,4.6.0-PTU,0.6184,,,,"-Purchase Order | +Industrial | -<EM4>~mission(System) </EM4> | +~mission(System) REQ EXPERIENCE: Ship Mining | -currently looking to fulfil another purchase order for | +in need of | -refined materials. We appreciate your help in this matter. | +ore, mineable from numerous locations across <EM4>~mission(System)</EM4>.","POSTING: Purchase Order | LOCATION: <EM4>~mission(System) </EM4> |  | TERMS*:  | Shubin Interstellar is currently looking to fulfil another purchase order for a variety of refined materials. We appreciate your help in this matter. |  | ~mission(Hint_Location) For a comprehensive list of where to find these minerals, consult <EM4>Mining Fundamentals #2: Where to Mine</EM4> in your mobiGlas Journal. |  | Since this","POSTING: Industrial | LOCATION: ~mission(System) | REQ EXPERIENCE: Ship Mining |  | TERMS*:  |  | Shubin Interstellar is in need of a variety of ore, mineable from numerous locations across <EM4>~mission(System)</EM4>. |  | ~mission(Hint_Location) |  | For a comprehensive list of where to find these minerals, consult <EM4>Mining Fundamentals #2: Where to Mine</EM4> in your mobiGlas Journal. |  | All Shubin Interstellar c"
14.46,Shubin_Industrial_ShipMining_Stanton_M_Solar_Desc_001,4.6.0-LIVE,4.6.0-PTU,0.6184,,,,"-Purchase Order | +Industrial | -<EM4>~mission(System) </EM4> | +~mission(System) REQ EXPERIENCE: Ship Mining | -currently looking to fulfil another purchase order for | +in need of | -refined materials. We appreciate your help in this matter. | +ore, mineable from numerous locations across <EM4>~mission(System)</EM4>.","POSTING: Purchase Order | LOCATION: <EM4>~mission(System) </EM4> |  | TERMS*:  | Shubin Interstellar is currently looking to fulfil another purchase order for a variety of refined materials. We appreciate your help in this matter. |  | ~mission(Hint_Location) For a comprehensive list of where to find these minerals, consult <EM4>Mining Fundamentals #2: Where to Mine</EM4> in your mobiGlas Journal. |  | Since this","POSTING: Industrial | LOCATION: ~mission(System) | REQ EXPERIENCE: Ship Mining |  | TERMS*:  |  | Shubin Interstellar is in need of a variety of ore, mineable from numerous locations across <EM4>~mission(System)</EM4>. |  | ~mission(Hint_Location) |  | For a comprehensive list of where to find these minerals, consult <EM4>Mining Fundamentals #2: Where to Mine</EM4> in your mobiGlas Journal. |  | All Shubin Interstellar c"
76.48,Journal_General_FrontendNewspaperHeadlines_Content,4.6.0-PTU,4.7.0-LIVE,0.043,killed|deadly,,lost:'kill',"-New United | +VOX POPULI | -4.6.0 FAULTY FILTER TO BLAME FOR MYSTERIOUS AILMENT Deadly ‘Molina Mold’ contaminates Levski station in | +4.7.0 UEE INTERSYSTEM COMM NETWORK HACKED Another rushed initiative by the crumbling empire once again proves an unacce… | -System. Following weeks of | +I shows no signs of slowing. Most concerning are | -unknown illness afflicting the residents of Levski, the source has been confirmed as a new species of mold whose airbor… | +group who seem | -faulty. Named “Molina Mold” after the first person to be killed by the ailment, it has since filled clinics and hospita… | +establishing fortified settlements at an alarming rate. While it is not yet clear who these newcomers to | -system with people experiencing symptoms. While | +are or what their intentions might be, what is rapidly becoming apparent is that if","New United | Release Edition 4.6.0 |  | FAULTY FILTER TO BLAME FOR MYSTERIOUS AILMENT | Deadly ‘Molina Mold’ contaminates Levski station in Nyx System. |  | Following weeks of reports of a new unknown illness afflicting the residents of Levski, the source has been confirmed as a new species of mold whose airborne spores cause potentially fatal fungal infections in Humans. The source of the mold growth was tra","VOX POPULI | Release Edition 4.7.0 |  | UEE INTERSYSTEM COMM NETWORK HACKED  | Another rushed initiative by the crumbling empire once again proves an unacceptable lack of forethought and basic governance.   |  | Seemingly having learned nothing from the botched introduction of regen tech, Imperator Addison and her over-eager administration had only just finished implementing a full overhaul of the comm networ"
37.93,Nyx1_Desc,4.6.0-PTU,4.7.0-LIVE,0.0316,,,,"+[NOT CURRENTLY ACCESSIBLE] | -world | +planet | +orbits closest to the sun in the Nyx system. Once considered impossible to terraform, Nyx I | -been mined clean. | +undergone a drastic transformation thanks to new experimental technology developed by Genesis Terraforming.",Nyx I is a coreless world that has been mined clean.  | ,"[NOT CURRENTLY ACCESSIBLE] Nyx I is a coreless planet that orbits closest to the sun in the Nyx system. Once considered impossible to terraform, Nyx I has undergone a drastic transformation thanks to new experimental technology developed by Genesis Terraforming."
35.6,Shubin_Industrial_ShipMining_Pyro_VE_Local_Desc_001,4.6.0-PTU,4.7.0-LIVE,0.0899,,,,"-Industrial | +Purchase Order | -~mission(System) REQ EXPERIENCE: Ship Mining | +<EM4>~mission(System) </EM4> | +Due to changes in our sourcing pipeline, | -in need of | +currently looking to purchase | -ore, mineable | +refined materials | -numerous locations across <EM4>~mission(System)</EM4>. | +independent miners operating in the area. While selling at a trade hub may net you a more competitive price than fulfil…","POSTING: Industrial | LOCATION: ~mission(System) | REQ EXPERIENCE: Ship Mining |  | TERMS*:  |  | Shubin Interstellar is in need of a variety of ore, mineable from numerous locations across <EM4>~mission(System)</EM4>. |  | ~mission(Hint_Location) |  | For a comprehensive list of where to find these minerals, consult <EM4>Mining Fundamentals #2: Where to Mine</EM4> in your mobiGlas Journal. |  | All Shubin Interstellar c","POSTING: Purchase Order | LOCATION: <EM4>~mission(System) </EM4> |  | TERMS*:  | Due to changes in our sourcing pipeline, Shubin Interstellar is currently looking to purchase a variety of refined materials from independent miners operating in the area. While selling at a trade hub may net you a more competitive price than fulfilling our order, many miners find that strengthening their ties to Shubin to be"
35.47,Shubin_Industrial_ShipMining_Nyx_E_Local_Desc_001,4.6.0-PTU,4.7.0-LIVE,0.0932,,,,"-Industrial | +Purchase Order | -~mission(System) REQ EXPERIENCE: Ship Mining | +<EM4>~mission(System) </EM4> | +Due to changes in our sourcing pipeline, | -in need of | +currently looking to purchase | -ore, mineable | +refined materials | -numerous locations across <EM4>~mission(System)</EM4>. | +independent miners operating in the area. While selling at a trade hub may net you a more competitive price than fulfil…","POSTING: Industrial | LOCATION: ~mission(System) | REQ EXPERIENCE: Ship Mining |  | TERMS*:  |  | Shubin Interstellar is in need of a variety of ore, mineable from numerous locations across <EM4>~mission(System)</EM4>. |  | ~mission(Hint_Location) |  | For a comprehensive list of where to find these minerals, consult <EM4>Mining Fundamentals #2: Where to Mine</EM4> in your mobiGlas Journal. |  | All Shubin Interstellar c","POSTING: Purchase Order | LOCATION: <EM4>~mission(System) </EM4> |  | TERMS*:  | Due to changes in our sourcing pipeline, Shubin Interstellar is currently looking to purchase a variety of refined materials from independent miners operating in the area. While selling at a trade hub may net you a more competitive price than fulfilling our order, many miners find that strengthening their ties to Shubin to be"
35.47,Shubin_Industrial_ShipMining_Pyro_E_Local_Desc_001,4.6.0-PTU,4.7.0-LIVE,0.0932,,,,"-Industrial | +Purchase Order | -~mission(System) REQ EXPERIENCE: Ship Mining | +<EM4>~mission(System) </EM4> | +Due to changes in our sourcing pipeline, | -in need of | +currently looking to purchase | -ore, mineable | +refined materials | -numerous locations across <EM4>~mission(System)</EM4>. | +independent miners operating in the area. While selling at a trade hub may net you a more competitive price than fulfil…","POSTING: Industrial | LOCATION: ~mission(System) | REQ EXPERIENCE: Ship Mining |  | TERMS*:  |  | Shubin Interstellar is in need of a variety of ore, mineable from numerous locations across <EM4>~mission(System)</EM4>. |  | ~mission(Hint_Location) |  | For a comprehensive list of where to find these minerals, consult <EM4>Mining Fundamentals #2: Where to Mine</EM4> in your mobiGlas Journal. |  | All Shubin Interstellar c","POSTING: Purchase Order | LOCATION: <EM4>~mission(System) </EM4> |  | TERMS*:  | Due to changes in our sourcing pipeline, Shubin Interstellar is currently looking to purchase a variety of refined materials from independent miners operating in the area. While selling at a trade hub may net you a more competitive price than fulfilling our order, many miners find that strengthening their ties to Shubin to be"
35.47,Shubin_Industrial_ShipMining_Stanton_E_Local_Desc_001,4.6.0-PTU,4.7.0-LIVE,0.0932,,,,"-Industrial | +Purchase Order | -~mission(System) REQ EXPERIENCE: Ship Mining | +<EM4>~mission(System) </EM4> | +Due to changes in our sourcing pipeline, | -in need of | +currently looking to purchase | -ore, mineable | +refined materials | -numerous locations across <EM4>~mission(System)</EM4>. | +independent miners operating in the area. While selling at a trade hub may net you a more competitive price than fulfil…","POSTING: Industrial | LOCATION: ~mission(System) | REQ EXPERIENCE: Ship Mining |  | TERMS*:  |  | Shubin Interstellar is in need of a variety of ore, mineable from numerous locations across <EM4>~mission(System)</EM4>. |  | ~mission(Hint_Location) |  | For a comprehensive list of where to find these minerals, consult <EM4>Mining Fundamentals #2: Where to Mine</EM4> in your mobiGlas Journal. |  | All Shubin Interstellar c","POSTING: Purchase Order | LOCATION: <EM4>~mission(System) </EM4> |  | TERMS*:  | Due to changes in our sourcing pipeline, Shubin Interstellar is currently looking to purchase a variety of refined materials from independent miners operating in the area. While selling at a trade hub may net you a more competitive price than fulfilling our order, many miners find that strengthening their ties to Shubin to be"
35.01,Shubin_Industrial_ShipMining_S_Org_Desc_001,4.6.0-PTU,4.7.0-LIVE,0.1047,,,,"-Industrial | +Purchase Order | -~mission(System) REQ EXPERIENCE: Ship Mining | +<EM4>~mission(System) </EM4> | -values the continuous and consistent deliveries of ore that you have provided and now wishes for you to push your perfo… | +is currently looking to fulfil another purchase order for a | -different methods will need to | +refined materials. This purchase order is more complex than typical, requiring multiple mining methods, but since you'v… | -employed to gather these resources and most importantly, you will need a large organization of fellow contractors in | +refined before delivery</EM4>, and since this is a purchase","POSTING: Industrial | LOCATION: ~mission(System) | REQ EXPERIENCE: Ship Mining |  | TERMS*:  |  | Shubin Interstellar values the continuous and consistent deliveries of ore that you have provided and now wishes for you to push your performance further. |  | We are in need of a vast amount of ore, ranging from common to rare. A variety of different methods will need to be employed to gather these resources and mos","POSTING: Purchase Order | LOCATION: <EM4>~mission(System) </EM4> |  | TERMS*:  | Shubin Interstellar is currently looking to fulfil another purchase order for a variety of refined materials. This purchase order is more complex than typical, requiring multiple mining methods, but since you've proven your skill thus far, we think you and your team are up for the challenge. |  | Reminder, <EM4>materials must be "
35.01,Shubin_Industrial_ShipMining_VH_Org_Desc_001,4.6.0-PTU,4.7.0-LIVE,0.1047,,,,"-Industrial | +Purchase Order | -~mission(System) REQ EXPERIENCE: Ship Mining | +<EM4>~mission(System) </EM4> | -values the continuous and consistent deliveries of ore that you have provided and now wishes for you to push your perfo… | +is currently looking to fulfil another purchase order for a | -different methods will need to | +refined materials. This purchase order is more complex than typical, requiring multiple mining methods, but since you'v… | -employed to gather these resources and most importantly, you will need a large organization of fellow contractors in | +refined before delivery</EM4>, and since this is a purchase","POSTING: Industrial | LOCATION: ~mission(System) | REQ EXPERIENCE: Ship Mining |  | TERMS*:  |  | Shubin Interstellar values the continuous and consistent deliveries of ore that you have provided and now wishes for you to push your performance further. |  | We are in need of a vast amount of ore, ranging from common to rare. A variety of different methods will need to be employed to gather these resources and mos","POSTING: Purchase Order | LOCATION: <EM4>~mission(System) </EM4> |  | TERMS*:  | Shubin Interstellar is currently looking to fulfil another purchase order for a variety of refined materials. This purchase order is more complex than typical, requiring multiple mining methods, but since you've proven your skill thus far, we think you and your team are up for the challenge. |  | Reminder, <EM4>materials must be "
34.83,Shubin_Industrial_HandMining_Pyro_Nyx_VH_Interstellar_Desc_001,4.6.0-PTU,4.7.0-LIVE,0.1091,,,,"-Industrial | +Purchase Order | -~mission(System) REQ EXPERIENCE: Hand Mining | +<EM4>~mission(System) </EM4> | -in need of some extremely valuable ore, located in <EM4>~mission(System)</EM4>. Our surveyors have reported that the | +currently looking to fulfil another purchase order for rare materials. We appreciate your help in this matter. There ar… | -were able to access this ore | +sites | -mine the ore | +access the materials","POSTING: Industrial | LOCATION: ~mission(System) | REQ EXPERIENCE: Hand Mining |  | TERMS*: |  | Shubin Interstellar is in need of some extremely valuable ore, located in <EM4>~mission(System)</EM4>. |  | Our surveyors have reported that the now defunct Hathor Group were able to access this ore on <EM4>Daymar and Aberdeen</EM4>. Our suggestion would be to head to the Platform Alignment Facilities (PAF) and attemp","POSTING: Purchase Order | LOCATION: <EM4>~mission(System) </EM4> |  | TERMS*:  | Shubin Interstellar is currently looking to fulfil another purchase order for rare materials. We appreciate your help in this matter. |  | There are only a few known locations where these materials can be sourced, mainly from now defunct Hathor Group sites on <EM4>Daymar and Aberdeen</EM4>. Our suggestion would be to head to the "
34.83,Shubin_Industrial_HandMining_Stanton_VH_Solar_Desc_001,4.6.0-PTU,4.7.0-LIVE,0.1091,,,,"-Industrial | +Purchase Order | -~mission(System) REQ EXPERIENCE: Hand Mining | +<EM4>~mission(System) </EM4> | -in need of some extremely valuable ore, located in <EM4>~mission(System)</EM4>. Our surveyors have reported that the | +currently looking to fulfil another purchase order for rare materials. We appreciate your help in this matter. There ar… | -were able to access this ore | +sites | -mine the ore | +access the materials","POSTING: Industrial | LOCATION: ~mission(System) | REQ EXPERIENCE: Hand Mining |  | TERMS*: |  | Shubin Interstellar is in need of some extremely valuable ore, located in <EM4>~mission(System)</EM4>. |  | Our surveyors have reported that the now defunct Hathor Group were able to access this ore on <EM4>Daymar and Aberdeen</EM4>. Our suggestion would be to head to the Platform Alignment Facilities (PAF) and attemp","POSTING: Purchase Order | LOCATION: <EM4>~mission(System) </EM4> |  | TERMS*:  | Shubin Interstellar is currently looking to fulfil another purchase order for rare materials. We appreciate your help in this matter. |  | There are only a few known locations where these materials can be sourced, mainly from now defunct Hathor Group sites on <EM4>Daymar and Aberdeen</EM4>. Our suggestion would be to head to the "
34.81,Shubin_Industrial_GroundVehicle_Nyx_VH_Interstellar_Desc_001,4.6.0-PTU,4.7.0-LIVE,0.1098,,,,"-Industrial | +Purchase Order | -~mission(System) REQ EXPERIENCE: Vehicle Mining | +<EM4>~mission(System) </EM4> | -in need of some extremely valuable ore, located in <EM4>~mission(System)</EM4>. Our surveyors have reported that the | +currently looking to fulfil another purchase order for rare materials. We appreciate your help in this matter. There ar… | -were able to access this ore | +sites | -mine the ore | +access the materials","POSTING: Industrial | LOCATION: ~mission(System) | REQ EXPERIENCE: Vehicle Mining |  | TERMS*:  |  | Shubin Interstellar is in need of some extremely valuable ore, located in <EM4>~mission(System)</EM4>. |  | Our surveyors have reported that the now defunct Hathor Group were able to access this ore on <EM4>Daymar and Aberdeen</EM4>. Our suggestion would be to head to the Platform Alignment Facilities (PAF) and at","POSTING: Purchase Order | LOCATION: <EM4>~mission(System) </EM4> |  | TERMS*:  | Shubin Interstellar is currently looking to fulfil another purchase order for rare materials. We appreciate your help in this matter. |  | There are only a few known locations where these materials can be sourced, mainly from now defunct Hathor Group sites on <EM4>Daymar and Aberdeen</EM4>. Our suggestion would be to head to the "
34.81,Shubin_Industrial_GroundVehicle_Pyro_VH_Interstellar_Desc_001,4.6.0-PTU,4.7.0-LIVE,0.1098,,,,"-Industrial | +Purchase Order | -~mission(System) REQ EXPERIENCE: Vehicle Mining | +<EM4>~mission(System) </EM4> | -in need of some extremely valuable ore, located in <EM4>~mission(System)</EM4>. Our surveyors have reported that the | +currently looking to fulfil another purchase order for rare materials. We appreciate your help in this matter. There ar… | -were able to access this ore | +sites | -mine the ore | +access the materials","POSTING: Industrial | LOCATION: ~mission(System) | REQ EXPERIENCE: Vehicle Mining |  | TERMS*:  |  | Shubin Interstellar is in need of some extremely valuable ore, located in <EM4>~mission(System)</EM4>. |  | Our surveyors have reported that the now defunct Hathor Group were able to access this ore on <EM4>Daymar and Aberdeen</EM4>. Our suggestion would be to head to the Platform Alignment Facilities (PAF) and at","POSTING: Purchase Order | LOCATION: <EM4>~mission(System) </EM4> |  | TERMS*:  | Shubin Interstellar is currently looking to fulfil another purchase order for rare materials. We appreciate your help in this matter. |  | There are only a few known locations where these materials can be sourced, mainly from now defunct Hathor Group sites on <EM4>Daymar and Aberdeen</EM4>. Our suggestion would be to head to the "
34.81,Shubin_Industrial_GroundVehicle_Stanton_VH_Solar_Desc_001,4.6.0-PTU,4.7.0-LIVE,0.1098,,,,"-Industrial | +Purchase Order | -~mission(System) REQ EXPERIENCE: Vehicle Mining | +<EM4>~mission(System) </EM4> | -in need of some extremely valuable ore, located in <EM4>~mission(System)</EM4>. Our surveyors have reported that the | +currently looking to fulfil another purchase order for rare materials. We appreciate your help in this matter. There ar… | -were able to access this ore | +sites | -mine the ore | +access the materials","POSTING: Industrial | LOCATION: ~mission(System) | REQ EXPERIENCE: Vehicle Mining |  | TERMS*:  |  | Shubin Interstellar is in need of some extremely valuable ore, located in <EM4>~mission(System)</EM4>. |  | Our surveyors have reported that the now defunct Hathor Group were able to access this ore on <EM4>Daymar and Aberdeen</EM4>. Our suggestion would be to head to the Platform Alignment Facilities (PAF) and at","POSTING: Purchase Order | LOCATION: <EM4>~mission(System) </EM4> |  | TERMS*:  | Shubin Interstellar is currently looking to fulfil another purchase order for rare materials. We appreciate your help in this matter. |  | There are only a few known locations where these materials can be sourced, mainly from now defunct Hathor Group sites on <EM4>Daymar and Aberdeen</EM4>. Our suggestion would be to head to the "
34.8,Shubin_Industrial_HandMining_Nyx_S_Interstellar_Desc,4.6.0-PTU,4.7.0-LIVE,0.1099,,,,"-Industrial | +Purchase Order | -~mission(System) REQ EXPERIENCE: Hand Mining | +<EM4>~mission(System) </EM4> | -in need of some extremely valuable ore, located in <EM4>~mission(System)</EM4>. Our surveyors have reported that the | +currently looking to fulfil another purchase order for rare materials. We appreciate your help in this matter. There ar… | -were able to access this ore | +sites | -mine the ore | +access the materials","POSTING: Industrial | LOCATION: ~mission(System) | REQ EXPERIENCE: Hand Mining |  | TERMS*:  |  | Shubin Interstellar is in need of some extremely valuable ore, located in <EM4>~mission(System)</EM4>. |  | Our surveyors have reported that the now defunct Hathor Group were able to access this ore on <EM4>Daymar and Aberdeen</EM4>. Our suggestion would be to head to the Platform Alignment Facilities (PAF) and attem","POSTING: Purchase Order | LOCATION: <EM4>~mission(System) </EM4> |  | TERMS*:  | Shubin Interstellar is currently looking to fulfil another purchase order for rare materials. We appreciate your help in this matter. |  | There are only a few known locations where these materials can be sourced, mainly from now defunct Hathor Group sites on <EM4>Daymar and Aberdeen</EM4>. Our suggestion would be to head to the "
34.8,Shubin_Industrial_HandMining_Pyro_S_Interstellar_Desc_001,4.6.0-PTU,4.7.0-LIVE,0.1099,,,,"-Industrial | +Purchase Order | -~mission(System) REQ EXPERIENCE: Hand Mining | +<EM4>~mission(System) </EM4> | -in need of some extremely valuable ore, located in <EM4>~mission(System)</EM4>. Our surveyors have reported that the | +currently looking to fulfil another purchase order for rare materials. We appreciate your help in this matter. There ar… | -were able to access this ore | +sites | -mine the ore | +access the materials","POSTING: Industrial | LOCATION: ~mission(System) | REQ EXPERIENCE: Hand Mining |  | TERMS*:  |  | Shubin Interstellar is in need of some extremely valuable ore, located in <EM4>~mission(System)</EM4>. |  | Our surveyors have reported that the now defunct Hathor Group were able to access this ore on <EM4>Daymar and Aberdeen</EM4>. Our suggestion would be to head to the Platform Alignment Facilities (PAF) and attem","POSTING: Purchase Order | LOCATION: <EM4>~mission(System) </EM4> |  | TERMS*:  | Shubin Interstellar is currently looking to fulfil another purchase order for rare materials. We appreciate your help in this matter. |  | There are only a few known locations where these materials can be sourced, mainly from now defunct Hathor Group sites on <EM4>Daymar and Aberdeen</EM4>. Our suggestion would be to head to the "
34.8,Shubin_Industrial_HandMining_Stanton_S_Solar_Desc,4.6.0-PTU,4.7.0-LIVE,0.1099,,,,"-Industrial | +Purchase Order | -~mission(System) REQ EXPERIENCE: Hand Mining | +<EM4>~mission(System) </EM4> | -in need of some extremely valuable ore, located in <EM4>~mission(System)</EM4>. Our surveyors have reported that the | +currently looking to fulfil another purchase order for rare materials. We appreciate your help in this matter. There ar… | -were able to access this ore | +sites | -mine the ore | +access the materials","POSTING: Industrial | LOCATION: ~mission(System) | REQ EXPERIENCE: Hand Mining |  | TERMS*:  |  | Shubin Interstellar is in need of some extremely valuable ore, located in <EM4>~mission(System)</EM4>. |  | Our surveyors have reported that the now defunct Hathor Group were able to access this ore on <EM4>Daymar and Aberdeen</EM4>. Our suggestion would be to head to the Platform Alignment Facilities (PAF) and attem","POSTING: Purchase Order | LOCATION: <EM4>~mission(System) </EM4> |  | TERMS*:  | Shubin Interstellar is currently looking to fulfil another purchase order for rare materials. We appreciate your help in this matter. |  | There are only a few known locations where these materials can be sourced, mainly from now defunct Hathor Group sites on <EM4>Daymar and Aberdeen</EM4>. Our suggestion would be to head to the "
34.72,Shubin_Industrial_HandMining_Nyx_E_Interstellar_Desc_001,4.6.0-PTU,4.7.0-LIVE,0.1119,,,,"-Industrial | +Purchase Order | -~mission(System) REQ EXPERIENCE: Hand Mining | +<EM4>~mission(System) </EM4> | +Due to changes in our sourcing pipeline, | -in need of | +currently looking to purchase | -ore, mineable | +materials | -numerous locations across <EM4>~mission(System)</EM4>. | +independent miners operating in the area. While selling at a trade hub may net you a more competitive price than fulfil…","POSTING: Industrial | LOCATION: ~mission(System) | REQ EXPERIENCE: Hand Mining |  | TERMS*:  |  | Shubin Interstellar is in need of a variety of ore, mineable from numerous locations across <EM4>~mission(System)</EM4>. |  | ~mission(Hint_Location) |  | For a comprehensive list of where to find these minerals, consult <EM4>Mining Fundamentals #2: Where to Mine</EM4> in your mobiGlas Journal. |  | All Shubin Interstellar c","POSTING: Purchase Order | LOCATION: <EM4>~mission(System) </EM4> |  | TERMS*:  | Due to changes in our sourcing pipeline, Shubin Interstellar is currently looking to purchase a variety of materials from independent miners operating in the area. While selling at a trade hub may net you a more competitive price than fulfilling our order, many miners find that strengthening their ties to Shubin to be a wise "
34.38,Shubin_Industrial_ShipMining_Nyx_S_Secondary_Desc_001,4.6.0-PTU,4.7.0-LIVE,0.1206,,,,"-Industrial | +Purchase Order | -~mission(System) REQ EXPERIENCE: Ship Mining | +<EM4>~mission(System) </EM4> | -in need of | +currently looking to fulfil another purchase order for | -rare ores, mineable from numerous locations across <EM4>~mission(System)</EM4>. | +refined materials. We appreciate your help in this matter.","POSTING: Industrial | LOCATION: ~mission(System) | REQ EXPERIENCE: Ship Mining |  | TERMS*:  |  | Shubin Interstellar is in need of a variety of rare ores, mineable from numerous locations across <EM4>~mission(System)</EM4>. |  | ~mission(Hint_Location) |  | Many of these ores are extremely rare and difficult to find. Other miners have reported that initial scans of rocks do not detect these ores, but once a rock has","POSTING: Purchase Order | LOCATION: <EM4>~mission(System) </EM4> |  | TERMS*:  | Shubin Interstellar is currently looking to fulfil another purchase order for a variety of refined materials. We appreciate your help in this matter. |  | ~mission(Hint_Location) Many of these ores are extremely rare and difficult to find, detectable only when a rock has been cracked open. |  | Reminder, all the <EM4>materials must b"
34.38,Shubin_Industrial_ShipMining_Nyx_VH_Secondary_Desc_001,4.6.0-PTU,4.7.0-LIVE,0.1206,,,,"-Industrial | +Purchase Order | -~mission(System) REQ EXPERIENCE: Ship Mining | +<EM4>~mission(System) </EM4> | -in need of | +currently looking to fulfil another purchase order for | -rare ores, mineable from numerous locations across <EM4>~mission(System)</EM4>. | +refined materials. We appreciate your help in this matter.","POSTING: Industrial | LOCATION: ~mission(System) | REQ EXPERIENCE: Ship Mining |  | TERMS*:  |  | Shubin Interstellar is in need of a variety of rare ores, mineable from numerous locations across <EM4>~mission(System)</EM4>. |  | ~mission(Hint_Location) |  | Many of these ores are extremely rare and difficult to find. Other miners have reported that initial scans of rocks do not detect these ores, but once a rock has","POSTING: Purchase Order | LOCATION: <EM4>~mission(System) </EM4> |  | TERMS*:  | Shubin Interstellar is currently looking to fulfil another purchase order for a variety of refined materials. We appreciate your help in this matter. |  | ~mission(Hint_Location) Many of these ores are extremely rare and difficult to find, detectable only when a rock has been cracked open. |  | Reminder, all the <EM4>materials must b"
34.38,Shubin_Industrial_ShipMining_Pyro_S_Secondary_Desc_001,4.6.0-PTU,4.7.0-LIVE,0.1206,,,,"-Industrial | +Purchase Order | -~mission(System) REQ EXPERIENCE: Ship Mining | +<EM4>~mission(System) </EM4> | -in need of | +currently looking to fulfil another purchase order for | -rare ores, mineable from numerous locations across <EM4>~mission(System)</EM4>. | +refined materials. We appreciate your help in this matter.","POSTING: Industrial | LOCATION: ~mission(System) | REQ EXPERIENCE: Ship Mining |  | TERMS*:  |  | Shubin Interstellar is in need of a variety of rare ores, mineable from numerous locations across <EM4>~mission(System)</EM4>. |  | ~mission(Hint_Location) |  | Many of these ores are extremely rare and difficult to find. Other miners have reported that initial scans of rocks do not detect these ores, but once a rock has","POSTING: Purchase Order | LOCATION: <EM4>~mission(System) </EM4> |  | TERMS*:  | Shubin Interstellar is currently looking to fulfil another purchase order for a variety of refined materials. We appreciate your help in this matter. |  | ~mission(Hint_Location) Many of these ores are extremely rare and difficult to find, detectable only when a rock has been cracked open. |  | Reminder, all the <EM4>materials must b"
34.38,Shubin_Industrial_ShipMining_Pyro_VH_Secondary_Desc_001,4.6.0-PTU,4.7.0-LIVE,0.1206,,,,"-Industrial | +Purchase Order | -~mission(System) REQ EXPERIENCE: Ship Mining | +<EM4>~mission(System) </EM4> | -in need of | +currently looking to fulfil another purchase order for | -rare ores, mineable from numerous locations across <EM4>~mission(System)</EM4>. | +refined materials. We appreciate your help in this matter.","POSTING: Industrial | LOCATION: ~mission(System) | REQ EXPERIENCE: Ship Mining |  | TERMS*:  |  | Shubin Interstellar is in need of a variety of rare ores, mineable from numerous locations across <EM4>~mission(System)</EM4>. |  | ~mission(Hint_Location) |  | Many of these ores are extremely rare and difficult to find. Other miners have reported that initial scans of rocks do not detect these ores, but once a rock has","POSTING: Purchase Order | LOCATION: <EM4>~mission(System) </EM4> |  | TERMS*:  | Shubin Interstellar is currently looking to fulfil another purchase order for a variety of refined materials. We appreciate your help in this matter. |  | ~mission(Hint_Location) Many of these ores are extremely rare and difficult to find, detectable only when a rock has been cracked open. |  | Reminder, all the <EM4>materials must b"
34.38,Shubin_Industrial_ShipMining_Stanton_H_Secondary_Interstellar_Desc_001,4.6.0-PTU,4.7.0-LIVE,0.1206,,,,"-Industrial | +Purchase Order | -~mission(System) REQ EXPERIENCE: Ship Mining | +<EM4>~mission(System) </EM4> | -in need of | +currently looking to fulfil another purchase order for | -rare ores, mineable from numerous locations across <EM4>~mission(System)</EM4>. | +refined materials. We appreciate your help in this matter.","POSTING: Industrial | LOCATION: ~mission(System) | REQ EXPERIENCE: Ship Mining |  | TERMS*:  |  | Shubin Interstellar is in need of a variety of rare ores, mineable from numerous locations across <EM4>~mission(System)</EM4>. |  | ~mission(Hint_Location) |  | Many of these ores are extremely rare and difficult to find. Other miners have reported that initial scans of rocks do not detect these ores, but once a rock has","POSTING: Purchase Order | LOCATION: <EM4>~mission(System) </EM4> |  | TERMS*:  | Shubin Interstellar is currently looking to fulfil another purchase order for a variety of refined materials. We appreciate your help in this matter. |  | ~mission(Hint_Location) Many of these ores are extremely rare and difficult to find, detectable only when a rock has been cracked open. |  | Reminder, all the <EM4>materials must b"
34.38,Shubin_Industrial_ShipMining_Stanton_S_Secondary_Desc_001,4.6.0-PTU,4.7.0-LIVE,0.1206,,,,"-Industrial | +Purchase Order | -~mission(System) REQ EXPERIENCE: Ship Mining | +<EM4>~mission(System) </EM4> | -in need of | +currently looking to fulfil another purchase order for | -rare ores, mineable from numerous locations across <EM4>~mission(System)</EM4>. | +refined materials. We appreciate your help in this matter.","POSTING: Industrial | LOCATION: ~mission(System) | REQ EXPERIENCE: Ship Mining |  | TERMS*:  |  | Shubin Interstellar is in need of a variety of rare ores, mineable from numerous locations across <EM4>~mission(System)</EM4>. |  | ~mission(Hint_Location) |  | Many of these ores are extremely rare and difficult to find. Other miners have reported that initial scans of rocks do not detect these ores, but once a rock has","POSTING: Purchase Order | LOCATION: <EM4>~mission(System) </EM4> |  | TERMS*:  | Shubin Interstellar is currently looking to fulfil another purchase order for a variety of refined materials. We appreciate your help in this matter. |  | ~mission(Hint_Location) Many of these ores are extremely rare and difficult to find, detectable only when a rock has been cracked open. |  | Reminder, all the <EM4>materials must b"
34.38,Shubin_Industrial_ShipMining_Stanton_VH_Secondary_Desc_001,4.6.0-PTU,4.7.0-LIVE,0.1206,,,,"-Industrial | +Purchase Order | -~mission(System) REQ EXPERIENCE: Ship Mining | +<EM4>~mission(System) </EM4> | -in need of | +currently looking to fulfil another purchase order for | -rare ores, mineable from numerous locations across <EM4>~mission(System)</EM4>. | +refined materials. We appreciate your help in this matter.","POSTING: Industrial | LOCATION: ~mission(System) | REQ EXPERIENCE: Ship Mining |  | TERMS*:  |  | Shubin Interstellar is in need of a variety of rare ores, mineable from numerous locations across <EM4>~mission(System)</EM4>. |  | ~mission(Hint_Location) |  | Many of these ores are extremely rare and difficult to find. Other miners have reported that initial scans of rocks do not detect these ores, but once a rock has","POSTING: Purchase Order | LOCATION: <EM4>~mission(System) </EM4> |  | TERMS*:  | Shubin Interstellar is currently looking to fulfil another purchase order for a variety of refined materials. We appreciate your help in this matter. |  | ~mission(Hint_Location) Many of these ores are extremely rare and difficult to find, detectable only when a rock has been cracked open. |  | Reminder, all the <EM4>materials must b"
34.38,Shubin_Industrial_ShipMining_Stanton_VH_Secondary_Interstellar_Desc_001,4.6.0-PTU,4.7.0-LIVE,0.1206,,,,"-Industrial | +Purchase Order | -~mission(System) REQ EXPERIENCE: Ship Mining | +<EM4>~mission(System) </EM4> | -in need of | +currently looking to fulfil another purchase order for | -rare ores, mineable from numerous locations across <EM4>~mission(System)</EM4>. | +refined materials. We appreciate your help in this matter.","POSTING: Industrial | LOCATION: ~mission(System) | REQ EXPERIENCE: Ship Mining |  | TERMS*:  |  | Shubin Interstellar is in need of a variety of rare ores, mineable from numerous locations across <EM4>~mission(System)</EM4>. |  | ~mission(Hint_Location) |  | Many of these ores are extremely rare and difficult to find. Other miners have reported that initial scans of rocks do not detect these ores, but once a rock has","POSTING: Purchase Order | LOCATION: <EM4>~mission(System) </EM4> |  | TERMS*:  | Shubin Interstellar is currently looking to fulfil another purchase order for a variety of refined materials. We appreciate your help in this matter. |  | ~mission(Hint_Location) Many of these ores are extremely rare and difficult to find, detectable only when a rock has been cracked open. |  | Reminder, all the <EM4>materials must b"
34.29,Shubin_Industrial_ShipMining_Nyx_H_Secondary_Desc_001,4.6.0-PTU,4.7.0-LIVE,0.1227,,,,"-Industrial | +Purchase Order | -~mission(System) REQ EXPERIENCE: Ship Mining | +<EM4>~mission(System) </EM4> | -in need of | +currently looking to fulfil another purchase order for | -rare ores, mineable from numerous locations across <EM4>~mission(System)</EM4>. | +refined materials. We appreciate your help in this matter. | -Many of these ores are extremely rare and difficult to find. Other miners have reported that initial scans of rocks do | +Reminder, all the <EM4>materials must be refined before delivery</EM4>, and since this is a purchase order and","POSTING: Industrial | LOCATION: ~mission(System) | REQ EXPERIENCE: Ship Mining |  | TERMS*:  |  | Shubin Interstellar is in need of a variety of rare ores, mineable from numerous locations across <EM4>~mission(System)</EM4>. |  | ~mission(Hint_Location) |  | Many of these ores are extremely rare and difficult to find. Other miners have reported that initial scans of rocks do not detect these ores, but once a rock has","POSTING: Purchase Order | LOCATION: <EM4>~mission(System) </EM4> |  | TERMS*:  | Shubin Interstellar is currently looking to fulfil another purchase order for a variety of refined materials. We appreciate your help in this matter. |  | ~mission(Hint_Location)  |  | Reminder, all the <EM4>materials must be refined before delivery</EM4>, and since this is a purchase order and not a mining contract, you are expected"
34.29,Shubin_Industrial_ShipMining_Pyro_H_PrimarySecondary_Desc_001,4.6.0-PTU,4.7.0-LIVE,0.1227,,,,"-Industrial | +Purchase Order | -~mission(System) REQ EXPERIENCE: Ship Mining | +<EM4>~mission(System) </EM4> | -in need of | +currently looking to fulfil another purchase order for | -rare ores, mineable from numerous locations across <EM4>~mission(System)</EM4>. | +refined materials. We appreciate your help in this matter. | -Many of these ores are extremely rare and difficult to find. Other miners have reported that initial scans of rocks do | +Reminder, all the <EM4>materials must be refined before delivery</EM4>, and since this is a purchase order and","POSTING: Industrial | LOCATION: ~mission(System) | REQ EXPERIENCE: Ship Mining |  | TERMS*:  |  | Shubin Interstellar is in need of a variety of rare ores, mineable from numerous locations across <EM4>~mission(System)</EM4>. |  | ~mission(Hint_Location) |  | Many of these ores are extremely rare and difficult to find. Other miners have reported that initial scans of rocks do not detect these ores, but once a rock has","POSTING: Purchase Order | LOCATION: <EM4>~mission(System) </EM4> |  | TERMS*:  | Shubin Interstellar is currently looking to fulfil another purchase order for a variety of refined materials. We appreciate your help in this matter. |  | ~mission(Hint_Location)  |  | Reminder, all the <EM4>materials must be refined before delivery</EM4>, and since this is a purchase order and not a mining contract, you are expected"
34.29,Shubin_Industrial_ShipMining_Pyro_H_Secondary_Desc_001,4.6.0-PTU,4.7.0-LIVE,0.1227,,,,"-Industrial | +Purchase Order | -~mission(System) REQ EXPERIENCE: Ship Mining | +<EM4>~mission(System) </EM4> | -in need of | +currently looking to fulfil another purchase order for | -rare ores, mineable from numerous locations across <EM4>~mission(System)</EM4>. | +refined materials. We appreciate your help in this matter. | -Many of these ores are extremely rare and difficult to find. Other miners have reported that initial scans of rocks do | +Reminder, all the <EM4>materials must be refined before delivery</EM4>, and since this is a purchase order and","POSTING: Industrial | LOCATION: ~mission(System) | REQ EXPERIENCE: Ship Mining |  | TERMS*:  |  | Shubin Interstellar is in need of a variety of rare ores, mineable from numerous locations across <EM4>~mission(System)</EM4>. |  | ~mission(Hint_Location) |  | Many of these ores are extremely rare and difficult to find. Other miners have reported that initial scans of rocks do not detect these ores, but once a rock has","POSTING: Purchase Order | LOCATION: <EM4>~mission(System) </EM4> |  | TERMS*:  | Shubin Interstellar is currently looking to fulfil another purchase order for a variety of refined materials. We appreciate your help in this matter. |  | ~mission(Hint_Location)  |  | Reminder, all the <EM4>materials must be refined before delivery</EM4>, and since this is a purchase order and not a mining contract, you are expected"
34.29,Shubin_Industrial_ShipMining_Stanton_H_PrimarySecondary_Desc_001,4.6.0-PTU,4.7.0-LIVE,0.1227,,,,"-Industrial | +Purchase Order | -~mission(System) REQ EXPERIENCE: Ship Mining | +<EM4>~mission(System) </EM4> | -in need of | +currently looking to fulfil another purchase order for | -rare ores, mineable from numerous locations across <EM4>~mission(System)</EM4>. | +refined materials. We appreciate your help in this matter. | -Many of these ores are extremely rare and difficult to find. Other miners have reported that initial scans of rocks do | +Reminder, all the <EM4>materials must be refined before delivery</EM4>, and since this is a purchase order and","POSTING: Industrial | LOCATION: ~mission(System) | REQ EXPERIENCE: Ship Mining |  | TERMS*:  |  | Shubin Interstellar is in need of a variety of rare ores, mineable from numerous locations across <EM4>~mission(System)</EM4>. |  | ~mission(Hint_Location) |  | Many of these ores are extremely rare and difficult to find. Other miners have reported that initial scans of rocks do not detect these ores, but once a rock has","POSTING: Purchase Order | LOCATION: <EM4>~mission(System) </EM4> |  | TERMS*:  | Shubin Interstellar is currently looking to fulfil another purchase order for a variety of refined materials. We appreciate your help in this matter. |  | ~mission(Hint_Location)  |  | Reminder, all the <EM4>materials must be refined before delivery</EM4>, and since this is a purchase order and not a mining contract, you are expected"
34.29,Shubin_Industrial_ShipMining_Stanton_H_Secondary_Desc_001,4.6.0-PTU,4.7.0-LIVE,0.1227,,,,"-Industrial | +Purchase Order | -~mission(System) REQ EXPERIENCE: Ship Mining | +<EM4>~mission(System) </EM4> | -in need of | +currently looking to fulfil another purchase order for | -rare ores, mineable from numerous locations across <EM4>~mission(System)</EM4>. | +refined materials. We appreciate your help in this matter. | -Many of these ores are extremely rare and difficult to find. Other miners have reported that initial scans of rocks do | +Reminder, all the <EM4>materials must be refined before delivery</EM4>, and since this is a purchase order and","POSTING: Industrial | LOCATION: ~mission(System) | REQ EXPERIENCE: Ship Mining |  | TERMS*:  |  | Shubin Interstellar is in need of a variety of rare ores, mineable from numerous locations across <EM4>~mission(System)</EM4>. |  | ~mission(Hint_Location) |  | Many of these ores are extremely rare and difficult to find. Other miners have reported that initial scans of rocks do not detect these ores, but once a rock has","POSTING: Purchase Order | LOCATION: <EM4>~mission(System) </EM4> |  | TERMS*:  | Shubin Interstellar is currently looking to fulfil another purchase order for a variety of refined materials. We appreciate your help in this matter. |  | ~mission(Hint_Location)  |  | Reminder, all the <EM4>materials must be refined before delivery</EM4>, and since this is a purchase order and not a mining contract, you are expected"
34.0,Shubin_Industrial_ShipMining_Nyx_M_Solar_Desc_001,4.6.0-PTU,4.7.0-LIVE,0.1299,,,,"-Industrial | +Purchase Order | -~mission(System) REQ EXPERIENCE: Ship Mining | +<EM4>~mission(System) </EM4> | -in need of | +currently looking to fulfil another purchase order for | -ore, mineable from numerous locations across <EM4>~mission(System)</EM4>. | +refined materials. We appreciate your help in this matter.","POSTING: Industrial | LOCATION: ~mission(System) | REQ EXPERIENCE: Ship Mining |  | TERMS*:  |  | Shubin Interstellar is in need of a variety of ore, mineable from numerous locations across <EM4>~mission(System)</EM4>. |  | ~mission(Hint_Location) |  | For a comprehensive list of where to find these minerals, consult <EM4>Mining Fundamentals #2: Where to Mine</EM4> in your mobiGlas Journal. |  | All Shubin Interstellar c","POSTING: Purchase Order | LOCATION: <EM4>~mission(System) </EM4> |  | TERMS*:  | Shubin Interstellar is currently looking to fulfil another purchase order for a variety of refined materials. We appreciate your help in this matter. |  | ~mission(Hint_Location) For a comprehensive list of where to find these minerals, consult <EM4>Mining Fundamentals #2: Where to Mine</EM4> in your mobiGlas Journal. |  | Since this"
34.0,Shubin_Industrial_ShipMining_Pyro_M_Solar_Desc_001,4.6.0-PTU,4.7.0-LIVE,0.1299,,,,"-Industrial | +Purchase Order | -~mission(System) REQ EXPERIENCE: Ship Mining | +<EM4>~mission(System) </EM4> | -in need of | +currently looking to fulfil another purchase order for | -ore, mineable from numerous locations across <EM4>~mission(System)</EM4>. | +refined materials. We appreciate your help in this matter.","POSTING: Industrial | LOCATION: ~mission(System) | REQ EXPERIENCE: Ship Mining |  | TERMS*:  |  | Shubin Interstellar is in need of a variety of ore, mineable from numerous locations across <EM4>~mission(System)</EM4>. |  | ~mission(Hint_Location) |  | For a comprehensive list of where to find these minerals, consult <EM4>Mining Fundamentals #2: Where to Mine</EM4> in your mobiGlas Journal. |  | All Shubin Interstellar c","POSTING: Purchase Order | LOCATION: <EM4>~mission(System) </EM4> |  | TERMS*:  | Shubin Interstellar is currently looking to fulfil another purchase order for a variety of refined materials. We appreciate your help in this matter. |  | ~mission(Hint_Location) For a comprehensive list of where to find these minerals, consult <EM4>Mining Fundamentals #2: Where to Mine</EM4> in your mobiGlas Journal. |  | Since this"
34.0,Shubin_Industrial_ShipMining_Stanton_M_Solar_Desc_001,4.6.0-PTU,4.7.0-LIVE,0.1299,,,,"-Industrial | +Purchase Order | -~mission(System) REQ EXPERIENCE: Ship Mining | +<EM4>~mission(System) </EM4> | -in need of | +currently looking to fulfil another purchase order for | -ore, mineable from numerous locations across <EM4>~mission(System)</EM4>. | +refined materials. We appreciate your help in this matter.","POSTING: Industrial | LOCATION: ~mission(System) | REQ EXPERIENCE: Ship Mining |  | TERMS*:  |  | Shubin Interstellar is in need of a variety of ore, mineable from numerous locations across <EM4>~mission(System)</EM4>. |  | ~mission(Hint_Location) |  | For a comprehensive list of where to find these minerals, consult <EM4>Mining Fundamentals #2: Where to Mine</EM4> in your mobiGlas Journal. |  | All Shubin Interstellar c","POSTING: Purchase Order | LOCATION: <EM4>~mission(System) </EM4> |  | TERMS*:  | Shubin Interstellar is currently looking to fulfil another purchase order for a variety of refined materials. We appreciate your help in this matter. |  | ~mission(Hint_Location) For a comprehensive list of where to find these minerals, consult <EM4>Mining Fundamentals #2: Where to Mine</EM4> in your mobiGlas Journal. |  | Since this"
33.91,Shubin_Industrial_HandMining_Nyx_S_Interstellar_Desc_002,4.6.0-PTU,4.7.0-LIVE,0.1322,,,,"-Industrial | +Purchase Order | -~mission(System) REQ EXPERIENCE: Hand Mining | +<EM4>~mission(System) </EM4> | -in need of | +currently looking to fulfil another purchase order for | -ore, mineable from numerous locations across <EM4>~mission(System)</EM4>. | +materials. We appreciate your help in this matter. | -For a comprehensive list of where to find these minerals, consult <EM4>Mining Fundamentals #2: Where to Mine</EM4> in y… | +There have been reported kopion sightings within the area, so caution is advised. Reminder, since this is a purchase or…","POSTING: Industrial | LOCATION: ~mission(System) | REQ EXPERIENCE: Hand Mining |  | TERMS*:  |  | Shubin Interstellar is in need of a variety of ore, mineable from numerous locations across <EM4>~mission(System)</EM4>. |  | ~mission(Hint_Location) |  | For a comprehensive list of where to find these minerals, consult <EM4>Mining Fundamentals #2: Where to Mine</EM4> in your mobiGlas Journal. |  | All Shubin Interstellar c","POSTING: Purchase Order | LOCATION: <EM4>~mission(System) </EM4> |  | TERMS*:  | Shubin Interstellar is currently looking to fulfil another purchase order for a variety of materials. We appreciate your help in this matter. |  | ~mission(Hint_Location) There have been reported kopion sightings within the area, so caution is advised. |  | Reminder, since this is a purchase order and not a mining contract, you are e"
33.89,Shubin_Industrial_ShipMining_Nyx_VH_Interstellar_Desc_001,4.6.0-PTU,4.7.0-LIVE,0.1328,,,,"-Industrial | +Purchase Order | -~mission(System) REQ EXPERIENCE: Ship Mining | +<EM4>~mission(System) </EM4> | -in need of | +currently looking to fulfil another purchase order for | -ore, mineable from numerous locations across <EM4>~mission(System)</EM4>. | +refined materials. We appreciate your help in this matter. | -For a comprehensive list of where to find these minerals, consult <EM4>Mining Fundamentals #2: Where to Mine</EM4> in y… | +Reminder, all the <EM4>materials must be refined before delivery</EM4>, and since this is a purchase order and not a mi…","POSTING: Industrial | LOCATION: ~mission(System) | REQ EXPERIENCE: Ship Mining |  | TERMS*:  |  | Shubin Interstellar is in need of a variety of ore, mineable from numerous locations across <EM4>~mission(System)</EM4>. |  | ~mission(Hint_Location) |  | For a comprehensive list of where to find these minerals, consult <EM4>Mining Fundamentals #2: Where to Mine</EM4> in your mobiGlas Journal. |  | All Shubin Interstellar c","POSTING: Purchase Order | LOCATION: <EM4>~mission(System) </EM4> |  | TERMS*:  | Shubin Interstellar is currently looking to fulfil another purchase order for a variety of refined materials. We appreciate your help in this matter. |  | ~mission(Hint_Location) |  | Reminder, all the <EM4>materials must be refined before delivery</EM4>, and since this is a purchase order and not a mining contract, you are expected "
33.89,Shubin_Industrial_ShipMining_Stanton_VH_Interstellar_Desc_001,4.6.0-PTU,4.7.0-LIVE,0.1328,,,,"-Industrial | +Purchase Order | -~mission(System) REQ EXPERIENCE: Ship Mining | +<EM4>~mission(System) </EM4> | -in need of | +currently looking to fulfil another purchase order for | -ore, mineable from numerous locations across <EM4>~mission(System)</EM4>. | +refined materials. We appreciate your help in this matter. | -For a comprehensive list of where to find these minerals, consult <EM4>Mining Fundamentals #2: Where to Mine</EM4> in y… | +Reminder, all the <EM4>materials must be refined before delivery</EM4>, and since this is a purchase order and not a mi…","POSTING: Industrial | LOCATION: ~mission(System) | REQ EXPERIENCE: Ship Mining |  | TERMS*:  |  | Shubin Interstellar is in need of a variety of ore, mineable from numerous locations across <EM4>~mission(System)</EM4>. |  | ~mission(Hint_Location) |  | For a comprehensive list of where to find these minerals, consult <EM4>Mining Fundamentals #2: Where to Mine</EM4> in your mobiGlas Journal. |  | All Shubin Interstellar c","POSTING: Purchase Order | LOCATION: <EM4>~mission(System) </EM4> |  | TERMS*:  | Shubin Interstellar is currently looking to fulfil another purchase order for a variety of refined materials. We appreciate your help in this matter. |  | ~mission(Hint_Location) |  | Reminder, all the <EM4>materials must be refined before delivery</EM4>, and since this is a purchase order and not a mining contract, you are expected "
33.82,Shubin_Industrial_HandMining_Stanton_S_Solar_Desc_002,4.6.0-PTU,4.7.0-LIVE,0.1345,,,,"-Industrial | +Purchase Order | -~mission(System) REQ EXPERIENCE: Hand Mining | +<EM4>~mission(System) </EM4> | -in need of | +currently looking to fulfil another purchase order for | -ore, mineable from numerous locations across <EM4>~mission(System)</EM4>. | +materials. We appreciate your help in this matter. | -For a comprehensive list of where to find these minerals, consult <EM4>Mining Fundamentals #2: Where to Mine</EM4> in y… | +There have been reported kopion sightings within the area, so caution is advised. Reminder, since this is a purchase or…","POSTING: Industrial | LOCATION: ~mission(System) | REQ EXPERIENCE: Hand Mining |  | TERMS*:  |  | Shubin Interstellar is in need of a variety of ore, mineable from numerous locations across <EM4>~mission(System)</EM4>. |  | ~mission(Hint_Location) |  | For a comprehensive list of where to find these minerals, consult <EM4>Mining Fundamentals #2: Where to Mine</EM4> in your mobiGlas Journal. |  | All Shubin Interstellar c","POSTING: Purchase Order | LOCATION: <EM4>~mission(System) </EM4> |  | TERMS*:  | Shubin Interstellar is currently looking to fulfil another purchase order for a variety of materials. We appreciate your help in this matter. |  | ~mission(Hint_Location) There have been reported kopion sightings within the area, so caution is advised. |  | Reminder, since this is a purchase order and not a mining contract, you are e"
33.81,Shubin_Industrial_GroundVehicle_Pyro_M_PlanetarySystem_Desc_001,4.6.0-PTU,4.7.0-LIVE,0.1347,,,,"-Industrial | +Purchase Order | -~mission(System) REQ EXPERIENCE: Vehicle Mining | +<EM4>~mission(System) </EM4> | -in need of | +currently looking to fulfil another purchase order for | -ore, mineable from numerous locations across <EM4>~mission(System)</EM4>. ~mission(Hint_Location) | +materials. We appreciate your help in this matter. ~~mission(Hint_Location) | -All Shubin Interstellar contractors | +Since this is a purchase order and not a mining contract, you","POSTING: Industrial | LOCATION: ~mission(System) | REQ EXPERIENCE: Vehicle Mining |  | TERMS*:  |  | Shubin Interstellar is in need of a variety of ore, mineable from numerous locations across <EM4>~mission(System)</EM4>. |  | ~mission(Hint_Location) |  | For a comprehensive list of where to find these minerals, consult <EM4>Mining Fundamentals #2: Where to Mine</EM4> in your mobiGlas Journal. |  | All Shubin Interstella","POSTING: Purchase Order | LOCATION: <EM4>~mission(System) </EM4> |  | TERMS*:  | Shubin Interstellar is currently looking to fulfil another purchase order for a variety of materials. We appreciate your help in this matter. |  | ~~mission(Hint_Location) For a comprehensive list of where to find these minerals, consult <EM4>Mining Fundamentals #2: Where to Mine</EM4> in your mobiGlas Journal. |  | Since this is a p"
33.81,Shubin_Industrial_GroundVehicle_Stanton_H_Solar_Desc_001,4.6.0-PTU,4.7.0-LIVE,0.1347,,,,"-Industrial | +Purchase Order | -~mission(System) REQ EXPERIENCE: Vehicle Mining | +<EM4>~mission(System) </EM4> | -in need of | +currently looking to fulfil another purchase order for | -ore, mineable from numerous locations across <EM4>~mission(System)</EM4>. ~mission(Hint_Location) | +materials. We appreciate your help in this matter. ~~mission(Hint_Location) | -All Shubin Interstellar contractors | +Since this is a purchase order and not a mining contract, you","POSTING: Industrial | LOCATION: ~mission(System) | REQ EXPERIENCE: Vehicle Mining |  | TERMS*:  |  | Shubin Interstellar is in need of a variety of ore, mineable from numerous locations across <EM4>~mission(System)</EM4>. |  | ~mission(Hint_Location) |  | For a comprehensive list of where to find these minerals, consult <EM4>Mining Fundamentals #2: Where to Mine</EM4> in your mobiGlas Journal. |  | All Shubin Interstella","POSTING: Purchase Order | LOCATION: <EM4>~mission(System) </EM4> |  | TERMS*:  | Shubin Interstellar is currently looking to fulfil another purchase order for a variety of materials. We appreciate your help in this matter. |  | ~~mission(Hint_Location) For a comprehensive list of where to find these minerals, consult <EM4>Mining Fundamentals #2: Where to Mine</EM4> in your mobiGlas Journal. |  | Since this is a p"
33.8,Shubin_Industrial_HandMining_Pyro_M_DiscoverPlanetary_Desc_001,4.6.0-PTU,4.7.0-LIVE,0.1349,,,,"-Industrial | +Purchase Order | -~mission(System) REQ EXPERIENCE: Hand Mining | +<EM4>~mission(System) </EM4> | -in need of | +currently looking to fulfil another purchase order for | -ore, mineable from numerous locations across <EM4>~mission(System)</EM4>. | +materials. We appreciate your help in this matter.","POSTING: Industrial | LOCATION: ~mission(System) | REQ EXPERIENCE: Hand Mining |  | TERMS*:  |  | Shubin Interstellar is in need of a variety of ore, mineable from numerous locations across <EM4>~mission(System)</EM4>. |  | ~mission(Hint_Location) |  | For a comprehensive list of where to find these minerals, consult <EM4>Mining Fundamentals #2: Where to Mine</EM4> in your mobiGlas Journal. |  | All Shubin Interstellar c","POSTING: Purchase Order | LOCATION: <EM4>~mission(System) </EM4> |  | TERMS*:  | Shubin Interstellar is currently looking to fulfil another purchase order for a variety of materials. We appreciate your help in this matter. |  | ~mission(Hint_Location) For a comprehensive list of where to find these minerals, consult <EM4>Mining Fundamentals #2: Where to Mine</EM4> in your mobiGlas Journal. |  | Since this is a pu"
33.8,Shubin_Industrial_HandMining_Stanton_M_DiscoverPlanetary_Desc_001,4.6.0-PTU,4.7.0-LIVE,0.1349,,,,"-Industrial | +Purchase Order | -~mission(System) REQ EXPERIENCE: Hand Mining | +<EM4>~mission(System) </EM4> | -in need of | +currently looking to fulfil another purchase order for | -ore, mineable from numerous locations across <EM4>~mission(System)</EM4>. | +materials. We appreciate your help in this matter.","POSTING: Industrial | LOCATION: ~mission(System) | REQ EXPERIENCE: Hand Mining |  | TERMS*:  |  | Shubin Interstellar is in need of a variety of ore, mineable from numerous locations across <EM4>~mission(System)</EM4>. |  | ~mission(Hint_Location) |  | For a comprehensive list of where to find these minerals, consult <EM4>Mining Fundamentals #2: Where to Mine</EM4> in your mobiGlas Journal. |  | All Shubin Interstellar c","POSTING: Purchase Order | LOCATION: <EM4>~mission(System) </EM4> |  | TERMS*:  | Shubin Interstellar is currently looking to fulfil another purchase order for a variety of materials. We appreciate your help in this matter. |  | ~mission(Hint_Location) For a comprehensive list of where to find these minerals, consult <EM4>Mining Fundamentals #2: Where to Mine</EM4> in your mobiGlas Journal. |  | Since this is a pu"
33.61,Shubin_Industrial_HandMining_Pyro_S_Solar_Desc_001,4.6.0-PTU,4.7.0-LIVE,0.1398,,,,"-Industrial | +Purchase Order | -~mission(System) REQ EXPERIENCE: Hand Mining | +<EM4>~mission(System) </EM4> | -in need of | +currently looking to fulfil another purchase order for | -ore, mineable from numerous locations across <EM4>~mission(System)</EM4>. | +materials. We appreciate your help in this matter. | -For a comprehensive list of where to find these minerals, consult <EM4>Mining Fundamentals #2: Where to Mine</EM4> in y… | +Reminder, since this is a purchase order and not a mining contract, you","POSTING: Industrial | LOCATION: ~mission(System) | REQ EXPERIENCE: Hand Mining |  | TERMS*:  |  | Shubin Interstellar is in need of a variety of ore, mineable from numerous locations across <EM4>~mission(System)</EM4>. |  | ~mission(Hint_Location) |  | For a comprehensive list of where to find these minerals, consult <EM4>Mining Fundamentals #2: Where to Mine</EM4> in your mobiGlas Journal. |  | All Shubin Interstellar c","POSTING: Purchase Order | LOCATION: <EM4>~mission(System) </EM4> |  | TERMS*:  | Shubin Interstellar is currently looking to fulfil another purchase order for a variety of materials. We appreciate your help in this matter. |  | ~mission(Hint_Location)  |  | Reminder, since this is a purchase order and not a mining contract, you are expected to provide your own equipment, such as a <EM4>~mission(Hint_Tool)</EM4>. | "
33.49,Journal_General_FrontendNewspaperHeadlines_From,4.6.0-PTU,4.7.0-LIVE,0.1429,,,,-New United | +VOX POPULI: The Voice of the People’s Alliance,New United,VOX POPULI: The Voice of the People’s Alliance
33.46,Shubin_Industrial_GroundVehicle_Pyro_H_Solar_Desc_001,4.6.0-PTU,4.7.0-LIVE,0.1435,,,,"-Industrial | +Purchase Order | -~mission(System) REQ EXPERIENCE: Vehicle Mining | +<EM4>~mission(System) </EM4> | -in need of | +currently looking to fulfil another purchase order for | -ore, mineable from numerous locations across <EM4>~mission(System)</EM4>. | +materials. We appreciate your help in this matter. | -For a comprehensive list of where to find these minerals, consult <EM4>Mining Fundamentals #2: Where to Mine</EM4> in y… | +Reminder, since this is a purchase order and not a mining contract, you","POSTING: Industrial | LOCATION: ~mission(System) | REQ EXPERIENCE: Vehicle Mining |  | TERMS*:  |  | Shubin Interstellar is in need of a variety of ore, mineable from numerous locations across <EM4>~mission(System)</EM4>. |  | ~mission(Hint_Location) |  | For a comprehensive list of where to find these minerals, consult <EM4>Mining Fundamentals #2: Where to Mine</EM4> in your mobiGlas Journal. |  | All Shubin Interstella","POSTING: Purchase Order | LOCATION: <EM4>~mission(System) </EM4> |  | TERMS*:  | Shubin Interstellar is currently looking to fulfil another purchase order for a variety of materials. We appreciate your help in this matter. |  | ~mission(Hint_Location)  |  | Reminder, since this is a purchase order and not a mining contract, you are expected to provide your own equipment, such as a <EM4>~mission(Hint_Tool)</EM4>. | "
33.45,Shubin_Industrial_HandMining_Pyro_H_PlanetarySystem_Desc_001,4.6.0-PTU,4.7.0-LIVE,0.1437,,,,"-Industrial | +Purchase Order | -~mission(System) REQ EXPERIENCE: Hand Mining | +<EM4>~mission(System) </EM4> | -in need of | +currently looking to fulfil another purchase order for | -ore, mineable from numerous locations across <EM4>~mission(System)</EM4>. | +materials. We appreciate your help in this matter. | -For a comprehensive list of where to find these minerals, consult <EM4>Mining Fundamentals #2: Where to Mine</EM4> in y… | +Reminder, since this is a purchase order and not a mining contract, you","POSTING: Industrial | LOCATION: ~mission(System) | REQ EXPERIENCE: Hand Mining |  | TERMS*:  |  | Shubin Interstellar is in need of a variety of ore, mineable from numerous locations across <EM4>~mission(System)</EM4>. |  | ~mission(Hint_Location) |  | For a comprehensive list of where to find these minerals, consult <EM4>Mining Fundamentals #2: Where to Mine</EM4> in your mobiGlas Journal. |  | All Shubin Interstellar c","POSTING: Purchase Order | LOCATION: <EM4>~mission(System) </EM4> |  | TERMS*:  | Shubin Interstellar is currently looking to fulfil another purchase order for a variety of materials. We appreciate your help in this matter. |  | ~mission(Hint_Location)  |  | Reminder, since this is a purchase order and not a mining contract, you are expected to provide your own equipment, such as a <EM4>~mission(Hint_Tool)</EM4>. | "
33.45,Shubin_Industrial_HandMining_Pyro_VH_Interstellar_Desc_001,4.6.0-PTU,4.7.0-LIVE,0.1437,,,,"-Industrial | +Purchase Order | -~mission(System) REQ EXPERIENCE: Hand Mining | +<EM4>~mission(System) </EM4> | -in need of | +currently looking to fulfil another purchase order for | -ore, mineable from numerous locations across <EM4>~mission(System)</EM4>. | +materials. We appreciate your help in this matter. | -For a comprehensive list of where to find these minerals, consult <EM4>Mining Fundamentals #2: Where to Mine</EM4> in y… | +Reminder, since this is a purchase order and not a mining contract, you","POSTING: Industrial | LOCATION: ~mission(System) | REQ EXPERIENCE: Hand Mining |  | TERMS*:  |  | Shubin Interstellar is in need of a variety of ore, mineable from numerous locations across <EM4>~mission(System)</EM4>. |  | ~mission(Hint_Location) |  | For a comprehensive list of where to find these minerals, consult <EM4>Mining Fundamentals #2: Where to Mine</EM4> in your mobiGlas Journal. |  | All Shubin Interstellar c","POSTING: Purchase Order | LOCATION: <EM4>~mission(System) </EM4> |  | TERMS*:  | Shubin Interstellar is currently looking to fulfil another purchase order for a variety of materials. We appreciate your help in this matter. |  | ~mission(Hint_Location)  |  | Reminder, since this is a purchase order and not a mining contract, you are expected to provide your own equipment, such as a <EM4>~mission(Hint_Tool)</EM4>. | "
33.45,Shubin_Industrial_HandMining_Stanton_H_PlanetarySystem_Desc_001,4.6.0-PTU,4.7.0-LIVE,0.1437,,,,"-Industrial | +Purchase Order | -~mission(System) REQ EXPERIENCE: Hand Mining | +<EM4>~mission(System) </EM4> | -in need of | +currently looking to fulfil another purchase order for | -ore, mineable from numerous locations across <EM4>~mission(System)</EM4>. | +materials. We appreciate your help in this matter. | -For a comprehensive list of where to find these minerals, consult <EM4>Mining Fundamentals #2: Where to Mine</EM4> in y… | +Reminder, since this is a purchase order and not a mining contract, you","POSTING: Industrial | LOCATION: ~mission(System) | REQ EXPERIENCE: Hand Mining |  | TERMS*:  |  | Shubin Interstellar is in need of a variety of ore, mineable from numerous locations across <EM4>~mission(System)</EM4>. |  | ~mission(Hint_Location) |  | For a comprehensive list of where to find these minerals, consult <EM4>Mining Fundamentals #2: Where to Mine</EM4> in your mobiGlas Journal. |  | All Shubin Interstellar c","POSTING: Purchase Order | LOCATION: <EM4>~mission(System) </EM4> |  | TERMS*:  | Shubin Interstellar is currently looking to fulfil another purchase order for a variety of materials. We appreciate your help in this matter. |  | ~mission(Hint_Location)  |  | Reminder, since this is a purchase order and not a mining contract, you are expected to provide your own equipment, such as a <EM4>~mission(Hint_Tool)</EM4>. | "
33.45,Shubin_Industrial_HandMining_Stanton_H_Planetary_Solar_Desc_001,4.6.0-PTU,4.7.0-LIVE,0.1437,,,,"-Industrial | +Purchase Order | -~mission(System) REQ EXPERIENCE: Hand Mining | +<EM4>~mission(System) </EM4> | -in need of | +currently looking to fulfil another purchase order for | -ore, mineable from numerous locations across <EM4>~mission(System)</EM4>. | +materials. We appreciate your help in this matter. | -For a comprehensive list of where to find these minerals, consult <EM4>Mining Fundamentals #2: Where to Mine</EM4> in y… | +Reminder, since this is a purchase order and not a mining contract, you","POSTING: Industrial | LOCATION: ~mission(System) | REQ EXPERIENCE: Hand Mining |  | TERMS*:  |  | Shubin Interstellar is in need of a variety of ore, mineable from numerous locations across <EM4>~mission(System)</EM4>. |  | ~mission(Hint_Location) |  | For a comprehensive list of where to find these minerals, consult <EM4>Mining Fundamentals #2: Where to Mine</EM4> in your mobiGlas Journal. |  | All Shubin Interstellar c","POSTING: Purchase Order | LOCATION: <EM4>~mission(System) </EM4> |  | TERMS*:  | Shubin Interstellar is currently looking to fulfil another purchase order for a variety of materials. We appreciate your help in this matter. |  | ~mission(Hint_Location)  |  | Reminder, since this is a purchase order and not a mining contract, you are expected to provide your own equipment, such as a <EM4>~mission(Hint_Tool)</EM4>. | "
33.45,Shubin_Industrial_HandMining_Stanton_H_Solar_Desc_001,4.6.0-PTU,4.7.0-LIVE,0.1437,,,,"-Industrial | +Purchase Order | -~mission(System) REQ EXPERIENCE: Hand Mining | +<EM4>~mission(System) </EM4> | -in need of | +currently looking to fulfil another purchase order for | -ore, mineable from numerous locations across <EM4>~mission(System)</EM4>. | +materials. We appreciate your help in this matter. | -For a comprehensive list of where to find these minerals, consult <EM4>Mining Fundamentals #2: Where to Mine</EM4> in y… | +Reminder, since this is a purchase order and not a mining contract, you","POSTING: Industrial | LOCATION: ~mission(System) | REQ EXPERIENCE: Hand Mining |  | TERMS*:  |  | Shubin Interstellar is in need of a variety of ore, mineable from numerous locations across <EM4>~mission(System)</EM4>. |  | ~mission(Hint_Location) |  | For a comprehensive list of where to find these minerals, consult <EM4>Mining Fundamentals #2: Where to Mine</EM4> in your mobiGlas Journal. |  | All Shubin Interstellar c","POSTING: Purchase Order | LOCATION: <EM4>~mission(System) </EM4> |  | TERMS*:  | Shubin Interstellar is currently looking to fulfil another purchase order for a variety of materials. We appreciate your help in this matter. |  | ~mission(Hint_Location)  |  | Reminder, since this is a purchase order and not a mining contract, you are expected to provide your own equipment, such as a <EM4>~mission(Hint_Tool)</EM4>. | "
28.94,Shubin_Industrial_ShipMining_VH_Org_Title_001,4.6.0-PTU,4.7.0-LIVE,0.2564,,,,-Ship Mining Request: Special Assignment | +Special Purchase Order: Mined Materials,Ship Mining Request: Special Assignment,Special Purchase Order: Mined Materials
27.77,Shubin_Industrial_ShipMining_Nyx_VE_Local_Title_001,4.6.0-PTU,4.7.0-LIVE,0.2857,,,,-Ship Mining Request: Very Small Scale | +XS Purchase Order: Ship Mined Ore,Ship Mining Request: Very Small Scale,XS Purchase Order: Ship Mined Ore
27.77,Shubin_Industrial_ShipMining_Pyro_VE_Local_Title_001,4.6.0-PTU,4.7.0-LIVE,0.2857,,,,-Ship Mining Request: Very Small Scale | +XS Purchase Order: Ship Mined Ore,Ship Mining Request: Very Small Scale,XS Purchase Order: Ship Mined Ore
27.77,Shubin_Industrial_ShipMining_Stanton_VE_Local_Title_001,4.6.0-PTU,4.7.0-LIVE,0.2857,,,,-Ship Mining Request: Very Small Scale | +XS Purchase Order: Ship Mined Ore,Ship Mining Request: Very Small Scale,XS Purchase Order: Ship Mined Ore
27.47,Shubin_Industrial_HandMining_Nyx_S_Interstellar_Title,4.6.0-PTU,4.7.0-LIVE,0.2933,,,,-Hand Mining Request: Extreme Scale | +Mjr. Purchase Order: Hand Mined Materials,Hand Mining Request: Extreme Scale,Mjr. Purchase Order: Hand Mined Materials
27.47,Shubin_Industrial_HandMining_Nyx_S_Interstellar_Title_002,4.6.0-PTU,4.7.0-LIVE,0.2933,,,,-Hand Mining Request: Extreme Scale | +Mjr. Purchase Order: Hand Mined Materials,Hand Mining Request: Extreme Scale,Mjr. Purchase Order: Hand Mined Materials
27.47,Shubin_Industrial_HandMining_Pyro_S_Interstellar_Title_001,4.6.0-PTU,4.7.0-LIVE,0.2933,,,,-Hand Mining Request: Extreme Scale | +Mjr. Purchase Order: Hand Mined Materials,Hand Mining Request: Extreme Scale,Mjr. Purchase Order: Hand Mined Materials
27.47,Shubin_Industrial_HandMining_Pyro_S_Solar_Title_001,4.6.0-PTU,4.7.0-LIVE,0.2933,,,,-Hand Mining Request: Extreme Scale | +Mjr. Purchase Order: Hand Mined Materials,Hand Mining Request: Extreme Scale,Mjr. Purchase Order: Hand Mined Materials
27.47,Shubin_Industrial_HandMining_Stanton_S_Solar_Title,4.6.0-PTU,4.7.0-LIVE,0.2933,,,,-Hand Mining Request: Extreme Scale | +Mjr. Purchase Order: Hand Mined Materials,Hand Mining Request: Extreme Scale,Mjr. Purchase Order: Hand Mined Materials
27.47,Shubin_Industrial_HandMining_Stanton_S_Solar_Title_002,4.6.0-PTU,4.7.0-LIVE,0.2933,,,,-Hand Mining Request: Extreme Scale | +Mjr. Purchase Order: Hand Mined Materials,Hand Mining Request: Extreme Scale,Mjr. Purchase Order: Hand Mined Materials
27.44,Shubin_Industrial_ShipMining_Nyx_E_Local_Title_001,4.6.0-PTU,4.7.0-LIVE,0.2941,,,,-Ship Mining Request: Small Scale | +Small Purchase Order: Ship Mined Ore,Ship Mining Request: Small Scale,Small Purchase Order: Ship Mined Ore
27.44,Shubin_Industrial_ShipMining_Pyro_E_Local_Title_001,4.6.0-PTU,4.7.0-LIVE,0.2941,,,,-Ship Mining Request: Small Scale | +Small Purchase Order: Ship Mined Ore,Ship Mining Request: Small Scale,Small Purchase Order: Ship Mined Ore
27.44,Shubin_Industrial_ShipMining_Stanton_E_Local_Title_001,4.6.0-PTU,4.7.0-LIVE,0.2941,,,,-Ship Mining Request: Small Scale | +Small Purchase Order: Ship Mined Ore,Ship Mining Request: Small Scale,Small Purchase Order: Ship Mined Ore
27.31,Shubin_Industrial_HandMining_Nyx_E_Interstellar_Title_001,4.6.0-PTU,4.7.0-LIVE,0.2973,,,,-Hand Mining Request: Small Scale | +Small Purchase Order: Hand Mined Materials,Hand Mining Request: Small Scale,Small Purchase Order: Hand Mined Materials
27.31,Shubin_Industrial_HandMining_Pyro_E_Local_Title_001,4.6.0-PTU,4.7.0-LIVE,0.2973,,,,-Hand Mining Request: Small Scale | +Small Purchase Order: Hand Mined Materials,Hand Mining Request: Small Scale,Small Purchase Order: Hand Mined Materials
27.31,Shubin_Industrial_HandMining_Stanton_E_Local_Title_001,4.6.0-PTU,4.7.0-LIVE,0.2973,,,,-Hand Mining Request: Small Scale | +Small Purchase Order: Hand Mined Materials,Hand Mining Request: Small Scale,Small Purchase Order: Hand Mined Materials
27.31,Shubin_Industrial_HandMining_Stanton_E_PlanetarySystem_Title_001,4.6.0-PTU,4.7.0-LIVE,0.2973,,,,-Hand Mining Request: Small Scale | +Small Purchase Order: Hand Mined Materials,Hand Mining Request: Small Scale,Small Purchase Order: Hand Mined Materials
27.26,Shubin_Industrial_ShipMining_Nyx_H_Secondary_Title_001,4.6.0-PTU,4.7.0-LIVE,0.2985,,,,-Ship Mining Request: Large Scale | +Lrg. Purchase Order: Ship Mined Ore,Ship Mining Request: Large Scale,Lrg. Purchase Order: Ship Mined Ore
27.26,Shubin_Industrial_ShipMining_Pyro_H_PrimarySecondary_Title_001,4.6.0-PTU,4.7.0-LIVE,0.2985,,,,-Ship Mining Request: Large Scale | +Lrg. Purchase Order: Ship Mined Ore,Ship Mining Request: Large Scale,Lrg. Purchase Order: Ship Mined Ore
27.26,Shubin_Industrial_ShipMining_Pyro_H_Secondary_Title_001,4.6.0-PTU,4.7.0-LIVE,0.2985,,,,-Ship Mining Request: Large Scale | +Lrg. Purchase Order: Ship Mined Ore,Ship Mining Request: Large Scale,Lrg. Purchase Order: Ship Mined Ore
27.26,Shubin_Industrial_ShipMining_Stanton_H_PrimarySecondary_Title_001,4.6.0-PTU,4.7.0-LIVE,0.2985,,,,-Ship Mining Request: Large Scale | +Lrg. Purchase Order: Ship Mined Ore,Ship Mining Request: Large Scale,Lrg. Purchase Order: Ship Mined Ore
27.26,Shubin_Industrial_ShipMining_Stanton_H_Secondary_Interstellar_Title_001,4.6.0-PTU,4.7.0-LIVE,0.2985,,,,-Ship Mining Request: Large Scale | +Lrg. Purchase Order: Ship Mined Ore,Ship Mining Request: Large Scale,Lrg. Purchase Order: Ship Mined Ore
27.26,Shubin_Industrial_ShipMining_Stanton_H_Secondary_Title_001,4.6.0-PTU,4.7.0-LIVE,0.2985,,,,-Ship Mining Request: Large Scale | +Lrg. Purchase Order: Ship Mined Ore,Ship Mining Request: Large Scale,Lrg. Purchase Order: Ship Mined Ore
27.15,Shubin_Industrial_HandMining_Pyro_H_PlanetarySystem_Title_001,4.6.0-PTU,4.7.0-LIVE,0.3014,,,,-Hand Mining Request: Large Scale | +Lrg. Purchase Order: Hand Mined Materials,Hand Mining Request: Large Scale,Lrg. Purchase Order: Hand Mined Materials
27.15,Shubin_Industrial_HandMining_Stanton_H_PlanetarySystem_Title_001,4.6.0-PTU,4.7.0-LIVE,0.3014,,,,-Hand Mining Request: Large Scale | +Lrg. Purchase Order: Hand Mined Materials,Hand Mining Request: Large Scale,Lrg. Purchase Order: Hand Mined Materials
27.15,Shubin_Industrial_HandMining_Stanton_H_Planetary_Solar_Title_001,4.6.0-PTU,4.7.0-LIVE,0.3014,,,,-Hand Mining Request: Large Scale | +Lrg. Purchase Order: Hand Mined Materials,Hand Mining Request: Large Scale,Lrg. Purchase Order: Hand Mined Materials
27.15,Shubin_Industrial_HandMining_Stanton_H_Solar_Title_001,4.6.0-PTU,4.7.0-LIVE,0.3014,,,,-Hand Mining Request: Large Scale | +Lrg. Purchase Order: Hand Mined Materials,Hand Mining Request: Large Scale,Lrg. Purchase Order: Hand Mined Materials
26.89,Shubin_Industrial_ShipMining_Nyx_VH_Interstellar_Title_001,4.6.0-PTU,4.7.0-LIVE,0.3077,,,,-Ship Mining Request: Major Scale | +XL Purchase Order: Ship Mined Ore,Ship Mining Request: Major Scale,XL Purchase Order: Ship Mined Ore
26.89,Shubin_Industrial_ShipMining_Nyx_VH_Secondary_Title_001,4.6.0-PTU,4.7.0-LIVE,0.3077,,,,-Ship Mining Request: Major Scale | +XL Purchase Order: Ship Mined Ore,Ship Mining Request: Major Scale,XL Purchase Order: Ship Mined Ore
26.89,Shubin_Industrial_ShipMining_Pyro_VH_Secondary_Title_001,4.6.0-PTU,4.7.0-LIVE,0.3077,,,,-Ship Mining Request: Major Scale | +XL Purchase Order: Ship Mined Ore,Ship Mining Request: Major Scale,XL Purchase Order: Ship Mined Ore
26.89,Shubin_Industrial_ShipMining_Stanton_VH_Interstellar_Title_001,4.6.0-PTU,4.7.0-LIVE,0.3077,,,,-Ship Mining Request: Major Scale | +XL Purchase Order: Ship Mined Ore,Ship Mining Request: Major Scale,XL Purchase Order: Ship Mined Ore
26.89,Shubin_Industrial_ShipMining_Stanton_VH_Secondary_Interstellar_Title_001,4.6.0-PTU,4.7.0-LIVE,0.3077,,,,-Ship Mining Request: Major Scale | +XL Purchase Order: Ship Mined Ore,Ship Mining Request: Major Scale,XL Purchase Order: Ship Mined Ore
26.89,Shubin_Industrial_ShipMining_Stanton_VH_Secondary_Title_001,4.6.0-PTU,4.7.0-LIVE,0.3077,,,,-Ship Mining Request: Major Scale | +XL Purchase Order: Ship Mined Ore,Ship Mining Request: Major Scale,XL Purchase Order: Ship Mined Ore
26.52,Shubin_Industrial_HandMining_Intro_Local_Title_001,4.6.0-PTU,4.7.0-LIVE,0.3171,,,,-Hand Mining Request: Shubin Interstellar | +Small Purchase Order: Hand Mined Materials,Hand Mining Request: Shubin Interstellar,Small Purchase Order: Hand Mined Materials
26.45,Shubin_Industrial_ShipMining_Nyx_S_Secondary_Title_001,4.6.0-PTU,4.7.0-LIVE,0.3188,,,,-Ship Mining Request: Extreme Scale | +Mjr. Purchase Order: Ship Mined Ore,Ship Mining Request: Extreme Scale,Mjr. Purchase Order: Ship Mined Ore
26.45,Shubin_Industrial_ShipMining_Pyro_S_Secondary_Title_001,4.6.0-PTU,4.7.0-LIVE,0.3188,,,,-Ship Mining Request: Extreme Scale | +Mjr. Purchase Order: Ship Mined Ore,Ship Mining Request: Extreme Scale,Mjr. Purchase Order: Ship Mined Ore
26.45,Shubin_Industrial_ShipMining_Stanton_S_Secondary_Title_001,4.6.0-PTU,4.7.0-LIVE,0.3188,,,,-Ship Mining Request: Extreme Scale | +Mjr. Purchase Order: Ship Mined Ore,Ship Mining Request: Extreme Scale,Mjr. Purchase Order: Ship Mined Ore
25.31,"ui_error_message_30027,P",4.6.0-PTU,4.7.0-LIVE,0.3473,,,,-If you are seeing this error message something went wrong. | +(Unused) You should not see this. | -report this error to the issue council and try again. | +report.,If you are seeing this error message something went wrong. Please report this error to the issue council and try again.,(Unused) You should not see this. Please report.
25.08,Shubin_Industrial_ShipMining_Nyx_M_Solar_Title_001,4.6.0-PTU,4.7.0-LIVE,0.3529,,,,-Ship Mining Request: Medium Scale | +Med. Purchase Order: Ship Mined Ore,Ship Mining Request: Medium Scale,Med. Purchase Order: Ship Mined Ore
25.08,Shubin_Industrial_ShipMining_Pyro_M_Solar_Title_001,4.6.0-PTU,4.7.0-LIVE,0.3529,,,,-Ship Mining Request: Medium Scale | +Med. Purchase Order: Ship Mined Ore,Ship Mining Request: Medium Scale,Med. Purchase Order: Ship Mined Ore
25.08,Shubin_Industrial_ShipMining_Stanton_M_Solar_Title_001,4.6.0-PTU,4.7.0-LIVE,0.3529,,,,-Ship Mining Request: Medium Scale | +Med. Purchase Order: Ship Mined Ore,Ship Mining Request: Medium Scale,Med. Purchase Order: Ship Mined Ore
24.89,Shubin_Industrial_GroundVehicle_Pyro_E_DiscoverPlanetary_Desc_001,4.6.0-PTU,4.7.0-LIVE,0.3578,,,,"-Industrial | +Purchase Order | -~mission(System) REQ EXPERIENCE: Vehicle Mining | +<EM4>~mission(System) </EM4> | +Due to changes in our sourcing pipeline, | -in need of | +currently looking to purchase | -ore, mineable | +materials | -numerous locations across <EM4>~mission(System)</EM4>. ~mission(Hint_Location) | +independent miners operating in the area. While selling at a trade hub may net you a more competitive price than fulfil…","POSTING: Industrial | LOCATION: ~mission(System) | REQ EXPERIENCE: Vehicle Mining |  | TERMS*:  |  | Shubin Interstellar is in need of a variety of ore, mineable from numerous locations across <EM4>~mission(System)</EM4>. |  | ~mission(Hint_Location) |  | For a comprehensive list of where to find these minerals, consult <EM4>Mining Fundamentals #2: Where to Mine</EM4> in your mobiGlas Journal. |  | All Shubin Interstella","POSTING: Purchase Order | LOCATION: <EM4>~mission(System) </EM4> |  | TERMS*:  | Due to changes in our sourcing pipeline, Shubin Interstellar is currently looking to purchase a variety of materials from independent miners operating in the area. While selling at a trade hub may net you a more competitive price than fulfilling our order, many miners find that strengthening their ties to Shubin to be a wise "
24.89,Shubin_Industrial_GroundVehicle_Stanton_M_PlanetarySystem_Desc_001,4.6.0-PTU,4.7.0-LIVE,0.3578,,,,"-Industrial | +Purchase Order | -~mission(System) REQ EXPERIENCE: Vehicle Mining | +<EM4>~mission(System) </EM4> | +Due to changes in our sourcing pipeline, | -in need of | +currently looking to purchase | -ore, mineable | +materials | -numerous locations across <EM4>~mission(System)</EM4>. ~mission(Hint_Location) | +independent miners operating in the area. While selling at a trade hub may net you a more competitive price than fulfil…","POSTING: Industrial | LOCATION: ~mission(System) | REQ EXPERIENCE: Vehicle Mining |  | TERMS*:  |  | Shubin Interstellar is in need of a variety of ore, mineable from numerous locations across <EM4>~mission(System)</EM4>. |  | ~mission(Hint_Location) |  | For a comprehensive list of where to find these minerals, consult <EM4>Mining Fundamentals #2: Where to Mine</EM4> in your mobiGlas Journal. |  | All Shubin Interstella","POSTING: Purchase Order | LOCATION: <EM4>~mission(System) </EM4> |  | TERMS*:  | Due to changes in our sourcing pipeline, Shubin Interstellar is currently looking to purchase a variety of materials from independent miners operating in the area. While selling at a trade hub may net you a more competitive price than fulfilling our order, many miners find that strengthening their ties to Shubin to be a wise "
24.88,Shubin_Industrial_GroundVehicle_Stanton_E_DiscoverPlanetary_Desc_001,4.6.0-PTU,4.7.0-LIVE,0.358,,,,"-Industrial | +Purchase Order | -~mission(System) REQ EXPERIENCE: Vehicle Mining | +<EM4>~mission(System) </EM4> | +Due to changes in our sourcing pipeline, | -in need of | +currently looking to purchase | -ore, mineable | +materials | -numerous locations across <EM4>~mission(System)</EM4>. | +independent miners operating in the area. While selling at a trade hub may net you a more competitive price than fulfil…","POSTING: Industrial | LOCATION: ~mission(System) | REQ EXPERIENCE: Vehicle Mining |  | TERMS*:  |  | Shubin Interstellar is in need of a variety of ore, mineable from numerous locations across <EM4>~mission(System)</EM4>. |  | ~mission(Hint_Location) |  | For a comprehensive list of where to find these minerals, consult <EM4>Mining Fundamentals #2: Where to Mine</EM4> in your mobiGlas Journal. |  | All Shubin Interstella","POSTING: Purchase Order | LOCATION: <EM4>~mission(System) </EM4> |  | TERMS*:  | Due to changes in our sourcing pipeline, Shubin Interstellar is currently looking to purchase a variety of materials from independent miners operating in the area. While selling at a trade hub may net you a more competitive price than fulfilling our order, many miners find that strengthening their ties to Shubin to be a wise "
23.4,Shubin_Industrial_GroundVehicle_Pyro_E_DiscoverPlanetary_Title_001,4.6.0-PTU,4.7.0-LIVE,0.3951,,,,-Ground Vehicle Mining Request: Small Scale | +Small Purchase Order: Vehicle Mined Ore,Ground Vehicle Mining Request: Small Scale,Small Purchase Order: Vehicle Mined Ore
23.4,Shubin_Industrial_GroundVehicle_Stanton_E_DiscoverPlanetary_Title_001,4.6.0-PTU,4.7.0-LIVE,0.3951,,,,-Ground Vehicle Mining Request: Small Scale | +Small Purchase Order: Vehicle Mined Ore,Ground Vehicle Mining Request: Small Scale,Small Purchase Order: Vehicle Mined Ore
23.2,Shubin_Industrial_GroundVehicle_Stanton_H_Solar_Title_001,4.6.0-PTU,4.7.0-LIVE,0.4,,,,-Ground Vehicle Mining Request: Large Scale | +Med. Purchase Order: Vehicle Mined Ore,Ground Vehicle Mining Request: Large Scale,Med. Purchase Order: Vehicle Mined Ore
22.98,Shubin_Industrial_HandMining_Pyro_M_DiscoverPlanetary_Title_001,4.6.0-PTU,4.7.0-LIVE,0.4054,,,,-Hand Mining Request: Medium Scale | +Med. Purchase Order: Hand Mined Materials,Hand Mining Request: Medium Scale,Med. Purchase Order: Hand Mined Materials
22.98,Shubin_Industrial_HandMining_Stanton_M_DiscoverPlanetary_Title_001,4.6.0-PTU,4.7.0-LIVE,0.4054,,,,-Hand Mining Request: Medium Scale | +Med. Purchase Order: Hand Mined Materials,Hand Mining Request: Medium Scale,Med. Purchase Order: Hand Mined Materials
22.79,Shubin_Industrial_GroundVehicle_Nyx_VH_Interstellar_Title_001,4.6.0-PTU,4.7.0-LIVE,0.4103,,,,-Ground Vehicle Mining Request: Major Scale | +XL Purchase Order: Vehicle Mined Ore,Ground Vehicle Mining Request: Major Scale,XL Purchase Order: Vehicle Mined Ore
22.79,Shubin_Industrial_GroundVehicle_Pyro_VH_Interstellar_Title_001,4.6.0-PTU,4.7.0-LIVE,0.4103,,,,-Ground Vehicle Mining Request: Major Scale | +XL Purchase Order: Vehicle Mined Ore,Ground Vehicle Mining Request: Major Scale,XL Purchase Order: Vehicle Mined Ore
22.79,Shubin_Industrial_GroundVehicle_Stanton_VH_Solar_Title_001,4.6.0-PTU,4.7.0-LIVE,0.4103,,,,-Ground Vehicle Mining Request: Major Scale | +XL Purchase Order: Vehicle Mined Ore,Ground Vehicle Mining Request: Major Scale,XL Purchase Order: Vehicle Mined Ore
22.3,Shubin_Industrial_HandMining_Pyro_Nyx_VH_Interstellar_Title_001,4.6.0-PTU,4.7.0-LIVE,0.4225,,,,-Hand Mining Request: Major Scale | +XL Purchase Order: Hand Mined Materials,Hand Mining Request: Major Scale,XL Purchase Order: Hand Mined Materials
22.3,Shubin_Industrial_HandMining_Pyro_VH_Interstellar_Title_001,4.6.0-PTU,4.7.0-LIVE,0.4225,,,,-Hand Mining Request: Major Scale | +XL Purchase Order: Hand Mined Materials,Hand Mining Request: Major Scale,XL Purchase Order: Hand Mined Materials
22.3,Shubin_Industrial_HandMining_Stanton_VH_Solar_Title_001,4.6.0-PTU,4.7.0-LIVE,0.4225,,,,-Hand Mining Request: Major Scale | +XL Purchase Order: Hand Mined Materials,Hand Mining Request: Major Scale,XL Purchase Order: Hand Mined Materials
22.2,Shubin_Industrial_GroundVehicle_Pyro_H_Solar_Title_001,4.6.0-PTU,4.7.0-LIVE,0.425,,,,-Ground Vehicle Mining Request: Large Scale | +Lrg. Purchase Order: Vehicle Mined Ore,Ground Vehicle Mining Request: Large Scale,Lrg. Purchase Order: Vehicle Mined Ore
21.64,Shubin_Industrial_GroundVehicle_Stanton_M_PlanetarySystem_Title_001,4.6.0-PTU,4.7.0-LIVE,0.439,,,,-Ground Vehicle Mining Request: Medium Scale | +Small Purchase Order: Vehicle Mined Ore,Ground Vehicle Mining Request: Medium Scale,Small Purchase Order: Vehicle Mined Ore
21.42,Shubin_Industrial_GroundVehicle_Pyro_M_PlanetarySystem_Title_001,4.6.0-PTU,4.7.0-LIVE,0.4444,,,,-Ground Vehicle Mining Request: Medium Scale | +Med. Purchase Order: Vehicle Mined Ore,Ground Vehicle Mining Request: Medium Scale,Med. Purchase Order: Vehicle Mined Ore
15.44,Badge_CleanAir_Personal_T4_Desc,4.6.0-PTU,4.7.0-LIVE,0.5939,,,,"-You have | +You've | -Camo Livery | +Camo, ParaMed AA Support Device, and Item Fabricator (Upon Release)",You have been awarded: Perseus Alliance Aid Camo Livery,"You've been awarded: Perseus Alliance Aid Camo, ParaMed AA Support Device, and Item Fabricator (Upon Release) | "
14.91,Journal_General_FrontendNewspaperHeadlines_Title,4.6.0-PTU,4.7.0-LIVE,0.6071,,,,-New United - Release Ed. 4.6.0 | +Vox Populi - Release 4.7.0,New United - Release Ed. 4.6.0,Vox Populi - Release 4.7.0
12.53,mission_item_0009,4.6.0-PTU,4.7.0-LIVE,0.6667,,,,-ore | +Ore,ore,Ore
12.53,mission_item_0052,4.6.0-PTU,4.7.0-LIVE,0.6667,,,,-box | +Box,box,Box
11.54,EckhartSecurity_DestroyServers_FacilityDelving_Desc_001,4.6.0-PTU,4.7.0-LIVE,0.6914,,,,"-site, <EM4>~mission(Location|Address)</EM4>. | +site.","ECKHART SECURITY, LLC. | CONTRACTS & DISPATCH |  | CONTRACT TYPE: Destroy Server | APPROVAL CODE = VS-14 |  | FOR IMMEDIATE PROCESSING |  | Our client has requested the immediate destruction of a group of servers located at a long-shuttered ASD research site, <EM4>~mission(Location|Address)</EM4>. The servers in question contain information that our client considers extremely damaging and is eager to see the data","ECKHART SECURITY, LLC. | CONTRACTS & DISPATCH |  | CONTRACT TYPE: Destroy Server | APPROVAL CODE = VS-14 |  | FOR IMMEDIATE PROCESSING |  | Our client has requested the immediate destruction of a group of servers located at a long-shuttered ASD research site. The servers in question contain information that our client considers extremely damaging and is eager to see the data completely eliminated. |  | Initial survei"
9.2,mission_item_0001,4.6.0-PTU,4.7.0-LIVE,0.75,,,,-food | +Food,food,Food
9.2,mission_item_0016,4.6.0-PTU,4.7.0-LIVE,0.75,,,,-gold | +Gold,gold,Gold
9.2,mission_item_0080,4.6.0-PTU,4.7.0-LIVE,0.75,,,,-comm tap | +Comm Tap,comm tap,Comm Tap
9.2,mission_item_0106,4.6.0-PTU,4.7.0-LIVE,0.75,,,,-lab gear | +Lab Gear,lab gear,Lab Gear
9.2,mission_item_0109,4.6.0-PTU,4.7.0-LIVE,0.75,,,,-junk | +Junk,junk,Junk
8.09,mission_Item_0131,4.6.0-PTU,4.7.0-LIVE,0.7778,,,,-raw chems | +Raw Chems,raw chems,Raw Chems
8.09,mission_item_0012,4.6.0-PTU,4.7.0-LIVE,0.7778,,,,-raw metal | +Raw Metal,raw metal,Raw Metal
8.09,mission_item_0102,4.6.0-PTU,4.7.0-LIVE,0.7778,,,,-first aid | +First Aid,first aid,First Aid
28.48,Journal_General_Mining_Compendium_Content,4.7.0-PTU,4.7.1-LIVE,0.268,,,,"-Found in All Deposits | +ARC-L3, Cellin, CRU-L5, Daymar, MIC-L4, Pyro Asteroid Clusters, Terminus, Vuur, Yela | -Cellin, Yela, Stanton Lagrange Points, | +Aberdeen, ARC-L1, ARC-L2, Arial, CRU-L3, Glaciem Ring, HUR-L1, HUR-L2, HUR-L4, HUR-L5, Ita, Keeger Belt, Magda, MIC-L1,… | +ARC-L5, CRU-L4, Fuego, Ita, | -Ita, | +MIC-L4, | -Fuego,","To promote the entrepreneurial spirit of the modern miner, the United Resource Workers have put together a handy guide listing the most common locations to find minerals, ores, and gemstones across the ‘verse. |  | Agricium - Found in All Deposits |  | Aluminium - Aaron Halo, Cellin, Yela, Stanton Lagrange Points, Pyro Asteroid Clusters |  | Aphorite - All Moons/Planets/Caves |  | Aslarite - Aaron Halo, Magda, It","To promote the entrepreneurial spirit of the modern miner, the United Resource Workers have put together a handy guide listing the most common locations to find minerals, ores, and gemstones across the ‘verse. |  | Agricium - ARC-L3, Cellin, CRU-L5, Daymar, MIC-L4, Pyro Asteroid Clusters, Terminus, Vuur, Yela |  | Aluminium - Aaron Halo, Aberdeen, ARC-L1, ARC-L2, Arial, CRU-L3, Glaciem Ring, HUR-L1, HUR-L"
80.15,headhunters_bombingrun_multi_E_CFP_desc_001,4.7.1-LIVE,4.8.0-PTU,0.9263,living hell|bomb the living|bomb the|hell,,'bomb the living hell out of'→'really mess the place up'|'living hell'→'mess the place',-bomb the living hell out of the area. | +really mess the place up.,Every day it seems like Citizens for Prosperity is out here trying to snatch up more people for their shitty little cause and make life more difficult for hardworkin' folks like ourselves.  |  | I figure they could use a reminder about who really is in charge here. Head to ~mission(Location|Address) and bomb the living hell out of the area.  |  | Nothing like a bit of property damage to get a point across,Every day it seems like Citizens for Prosperity is out here trying to snatch up more people for their shitty little cause and make life more difficult for hardworkin' folks like ourselves.  |  | I figure they could use a reminder about who really is in charge here. Head to ~mission(Location|Address) and really mess the place up.  |  | Nothing like a bit of property damage to get a point across. |  | -Stows ou
31.0,headhunters_Nyx_bombingrun_M_desc_001,4.7.1-LIVE,4.8.0-PTU,0.9929,bomb the life|bomb the,blow the life|blow the,'bomb the life out of'→'blow the life out of',-bomb | +blow,"Seems we got a bit of competition out here in Nyx. Scouts have spotted a gang holding up at  <EM4>~mission(Location|Address)</EM4>. |  | Now, I'm a fair man. I sent these nullbrains a message saying they either vacate the facility or we make them wish they had, and they made their choice. So now I need you to fly over there and bomb the life out of the fuel tanks. Let's see how long they stick around ","Seems we got a bit of competition out here in Nyx. Scouts have spotted a gang holding up at  <EM4>~mission(Location|Address)</EM4>. |  | Now, I'm a fair man. I sent these nullbrains a message saying they either vacate the facility or we make them wish they had, and they made their choice. So now I need you to fly over there and blow the life out of the fuel tanks. Let's see how long they stick around "
27.0,headhunters_bombingrun_S_desc_001,4.7.1-LIVE,4.8.0-PTU,0.9832,bombing run,,'bombing run'→'attack',-a bombing run | +an attack,"We've heard news that a new gang are planning a bombing run on a place over at <EM4>~mission(Location|Address)</EM4>. They figure if they can take out the fuel supplies there then it's theirs for the taking. |  | But little do they know that we're gonna send you in first to blow the fuel tanks so we can claim the place before they do. If it all goes to plan, we can clear the location out and stick it ","We've heard news that a new gang are planning an attack on a place over at <EM4>~mission(Location|Address)</EM4>. They figure if they can take out the fuel supplies there then it's theirs for the taking. |  | But little do they know that we're gonna send you in first to blow the fuel tanks so we can claim the place before they do. If it all goes to plan, we can clear the location out and stick it to t"
18.14,item_fuelnozzle_GRIN_Safe_Desc,4.7.1-LIVE,4.8.0-PTU,0.5265,,,,"-Safe | -Rate: 0.8 | +Speed: 1.05 | -provides for a wider range of safe flow rates, | +boasts a secure build, | -rate. | +speed.","Manufacturer: Greycat Industrial | Item Type: Fuel Nozzle | Safe Flow Rate: 0.8 SCU/s |  | By maintaining a higher working pressure, the Harkin fuel nozzle from Greycat not only provides for a wider range of safe flow rates, but allows the attached storage to hold additional fuel albeit at a slower overall transfer rate. | ","Manufacturer: Greycat Industrial | Item Type: Fuel Nozzle | Flow Speed: 1.05 SCU/s |  | By maintaining a higher working pressure, the Harkin fuel nozzle from Greycat not only boasts a secure build, but allows the attached storage to hold additional fuel albeit at a slower overall transfer speed. | "
16.77,Journal_General_Harvestables_Content,4.7.1-LIVE,4.8.0-PTU,0.4607,,outlaws,,"+Where to Find: Grasslands of Hurston (Stanton I) GOLDEN MEDMON First cultivated on Jalan, the maru ebony tree is most n… | -Deserts of Arial (Stanton 1a), Deserts of Magda (Stanton 1c), Deserts of Daymar (Stanton 2b), | -IV), Tundras of Calliope (Stanton 4a), Ice deserts of Clio (Stanton 4b) | +IV)","This guide will help you identify what's useful, what's edible, and what's deadly.   |  | *STANTON SYSTEM* | It may seem completely corporate, but the Stanton system is rich with resources for the enterprising forager. |  | DEGNOUS ROOT  | A type of macroalgae that has acclimated to much of the Stanton system, the degnous root is originally from Terra III, where it grows in abundance along shallow coastlines.","This guide will help you identify what's useful, what's edible, and what's deadly. |  | *STANTON SYSTEM* | It may seem completely corporate, but the Stanton system is rich with resources for the enterprising forager. |  | DEGNOUS ROOT | A type of macroalgae that has acclimated to much of the Stanton system, the degnous root is originally from Terra III, where it grows in abundance along shallow coastlines. It"
25.7,item_DescStinger_Paint_Silver_Grey_Teal,4.8.0-PTU,4.9.0-LIVE,0.3376,,,,"-Silvery gray highlights frame metallic blue wings in the | +The | -for the Esperia | +adds a sleek, ethereal teal and patina metal finish to emphasize and celebrate the otherworldly nature of the",Silvery gray highlights frame metallic blue wings in the Insularis livery for the Esperia Stinger.,"The Insularis livery adds a sleek, ethereal teal and patina metal finish to emphasize and celebrate the otherworldly nature of the Stinger."
22.6,"item_Desc_dmc_frontier_gloves_01_02_11,P",4.8.0-PTU,4.9.0-LIVE,0.4151,,,,-PLACEHOLDER | +PLACEHOLDER - dmc_frontier_gloves_01_02_11,PLACEHOLDER,PLACEHOLDER - dmc_frontier_gloves_01_02_11
22.6,"item_Desc_dmc_frontier_jacket_01_02_11,P",4.8.0-PTU,4.9.0-LIVE,0.4151,,,,-PLACEHOLDER | +PLACEHOLDER - dmc_frontier_jacket_01_02_11,PLACEHOLDER,PLACEHOLDER - dmc_frontier_jacket_01_02_11
22.28,"item_Desc_dmc_frontier_pants_01_02_11,P",4.8.0-PTU,4.9.0-LIVE,0.4231,,,,-PLACEHOLDER | +PLACEHOLDER - dmc_frontier_pants_01_02_11,PLACEHOLDER,PLACEHOLDER - dmc_frontier_pants_01_02_11
22.28,"item_Desc_gsb_frontier_boots_01_02_11,P",4.8.0-PTU,4.9.0-LIVE,0.4231,,,,-PLACEHOLDER | +PLACEHOLDER - gsb_frontier_boots_01_02_11,PLACEHOLDER,PLACEHOLDER - gsb_frontier_boots_01_02_11
20.48,"item_Desc_cbd_hat_03_01_CFP_var2,P",4.8.0-PTU,4.9.0-LIVE,0.4681,,,,-PLACEHOLDER | +PLACEHOLDER - cbd_hat_03_01_CFP_var2,PLACEHOLDER,PLACEHOLDER - cbd_hat_03_01_CFP_var2
16.8,mission_location_nyx_006,4.8.0-PTU,4.9.0-LIVE,0.56,,,,-Delamar Wreck Site | +Delamar,Delamar Wreck Site,Delamar
12.48,"UWC_Refueling_multiple_med_desc_001,P",4.8.0-PTU,4.9.0-LIVE,0.668,,,,-big one. An entire little fleet of ships all burned out of fuel at the same time. Impressive coordination and lack of p… | +bit more complicated than usual. Got small convoy of ships requesting ~mission(FuelType). Impressive coordination and l…,"Hey again, |  | I've got a beacon at <EM4>~mission(Location|Address)</EM4> and this one's a big one. An entire little fleet of ships all burned out of fuel at the same time. Impressive coordination and lack of planning at the same time.  |  | The client vessel will pay you at the rate of <EM4>~mission(FuelRate) aUEC per SCU of Hydrogen</EM4> and  <EM4>~mission(QTFuelRate) aUEC per SCU of Quantum </EM4>, a","Hey again, |  | I've got a beacon at <EM4>~mission(Location|Address)</EM4> and this one's a bit more complicated than usual. Got small convoy of ships requesting ~mission(FuelType). Impressive coordination and lack of planning to all need refueling at the same time.  |  | The client will pay you at the rate of ~mission(RefuelRequest), and as a United Wayfarers Club contractor, you will also qualify for th"
11.93,mission_location_nyx_007,4.8.0-PTU,4.9.0-LIVE,0.6818,,,,-wreck site | +location,a wreck site on Delamar,a location on Delamar
11.77,mission_location_nyx_008,4.8.0-PTU,4.9.0-LIVE,0.6857,,,,-Ring Wreck Site | +Ring,Glaciem Ring Wreck Site,Glaciem Ring
10.59,RAIN_intro_desc_01,4.8.0-PTU,4.9.0-LIVE,0.7153,,,,"-animals in question, refer to ""The Guide to Stanton Wildlife"" | +materials in question, refer to ""A Forager's Guide""","To all available contractors, |  | Rayari Incorporated is looking for independent contractors to provide additional support in our efforts to push the boundaries of science, agriculture, and medicine in the Empire and beyond.  |  | A research initiative at <EM4>~mission(Destination|Address)</EM4> is in desperate need of resources, so we are looking for a reliable contractor to obtain and deliver these cru","To all available contractors, |  | Rayari Incorporated is looking for independent contractors to provide additional support in our efforts to push the boundaries of science, agriculture, and medicine in the Empire and beyond.  |  | A research initiative at <EM4>~mission(Destination|Address)</EM4> is in desperate need of resources, so we are looking for a reliable contractor to obtain and deliver these cru"
10.48,UWC_Refueling_multiple_med_title_001,4.8.0-PTU,4.9.0-LIVE,0.7179,,,,-FLEET | +CONVOY,URGENT FLEET REFUEL,URGENT CONVOY REFUEL
8.23,mission_location_nyx_008a,4.8.0-PTU,4.9.0-LIVE,0.7742,,,,-wreck site | +location,a wreck site in the Glaciem Ring,a location in the Glaciem Ring
8.08,UWC_Refueling_easy_desc_001,4.8.0-PTU,4.9.0-LIVE,0.778,,,,"-running on empty, so make sure your fuel pods are topped off. The client vessel will pay you at the rate of <EM4>~missi… | +in need of ~mission(FuelType), so make sure your pods are topped off. The client vessel will pay you at the rate of ~mi…","Hey there, |  | If you're fitted for refueling, you might like this one.  |  | A beacon has just gone live at <EM4>~mission(Location|Address)</EM4>, from a client whose <EM4>~mission(Ship)</EM4> is running on empty, so make sure your fuel pods are topped off. |  | The client vessel will pay you at the rate of <EM4>~mission(FuelRate) aUEC per SCU of Hydrogen</EM4> and  <EM4>~mission(QTFuelRate) aUEC per SCU of","Hey there, |  | If you're fitted for refueling, you might like this one.  |  | A beacon has just gone live at <EM4>~mission(Location|Address)</EM4>, from a client whose <EM4>~mission(Ship)</EM4> is in need of ~mission(FuelType), so make sure your pods are topped off. |  | The client vessel will pay you at the rate of ~mission(RefuelRequest), and as a United Wayfarers Club contractor, you will also qualify for"
39.2,item_Desc_rrs_combat_heavy_backpack_01_04_01,4.9.0-LIVE,4.10.0-PTU,0.0,,,,+Item Type: Heavy Backpack Carrying Capacity: 150K µSCU Core Compatibility: Heavy Comfortably carry vital gear with the …,,Item Type: Heavy Backpack | Carrying Capacity: 150K µSCU | Core Compatibility: Heavy |  | Comfortably carry vital gear with the Morozov-CH backpack. This softshell bag is made with an advanced duraweave that's lightweight yet ready for battlefield action. It also features several easy to access pockets and a plethora of straps to keep supplies secure and tight to your back. The Stronghold edition features
38.73,"item_Desc_rrs_specialist_heavy_core_06_01_01,P",4.9.0-LIVE,4.10.0-PTU,0.0118,,,,-PH - Description for rrs_specialist_heavy_core_06_01_01 | +Item Type: Heavy Armor Damage Reduction: 40% Temp. Rating: -70 / 100 °C Radiation Protection: 26800 REM Radiation Scrub…,PH - Description for rrs_specialist_heavy_core_06_01_01,"Item Type: Heavy Armor | Damage Reduction: 40% | Temp. Rating: -70 / 100 °C | Radiation Protection: 26800 REM | Radiation Scrub Rate: 145.8 REM/s | Carrying Capacity: 12K µSCU | Backpacks: All |  | Featuring fortified armor plating, special anti-rip protective padding and ample storage, the Morozov-SH is ready to overcome all kinds of adversity. After consulting with security professionals, RRS added a unique hig"
38.72,"item_Desc_rrs_specialist_heavy_legs_06_01_01,P",4.9.0-LIVE,4.10.0-PTU,0.0121,,,,-PH - Description for rrs_specialist_heavy_legs_06_01_01 | +Item Type: Heavy Armor Damage Reduction: 40% Temp. Rating: -70 / 100 °C Radiation Protection: 26800 REM Radiation Scrub…,PH - Description for rrs_specialist_heavy_legs_06_01_01,"Item Type: Heavy Armor | Damage Reduction: 40% | Temp. Rating: -70 / 100 °C | Radiation Protection: 26800 REM | Radiation Scrub Rate: 145.8 REM/s | Carrying Capacity: 8K µSCU |  | Featuring fortified armor plating, special anti-rip protective padding and ample storage, the Morozov-SH is ready to overcome all kinds of adversity. After consulting with security professionals, RRS added a unique high protective col"
38.7,"item_Desc_rrs_specialist_heavy_arms_06_01_01,P",4.9.0-LIVE,4.10.0-PTU,0.0126,,,,-PH - Description for rrs_specialist_heavy_arms_06_01_01 | +Item Type: Heavy Armor Damage Reduction: 40% Temp. Rating: -70 / 100 °C Radiation Protection: 26800 REM Radiation Scrub…,PH - Description for rrs_specialist_heavy_arms_06_01_01,"Item Type: Heavy Armor | Damage Reduction: 40% | Temp. Rating: -70 / 100 °C | Radiation Protection: 26800 REM | Radiation Scrub Rate: 145.8 REM/s |  | Featuring fortified armor plating, special anti-rip protective padding and ample storage, the Morozov-SH is ready to overcome all kinds of adversity. After consulting with security professionals, RRS added a unique high protective collar and a lightweight inner"
26.32,item_Desc_clda_undersuit_02,4.9.0-LIVE,4.10.0-PTU,0.3221,,,,-Carrying Capacity: 8.0 µSCU,"Item Type: Undersuit | Damage Reduction: 5% | Temp. Rating: -30 / 60 °C | Radiation Protection: 15200 REM | Radiation Scrub Rate: 81 REM/s | G-Force Tolerance: +90% | Carrying Capacity: 8.0 µSCU |  | Built for adventure but comfortable enough for everyday, the Markanda undersuit has become beloved by explorers. A unique patchwork design creates a flexible yet resilient undersuit, while an odor resistant SureSoft ","Item Type: Undersuit | Damage Reduction: 5% | Temp. Rating: -30 / 60 °C | Radiation Protection: 15200 REM | Radiation Scrub Rate: 81 REM/s | G-Force Tolerance: +90% |  | Built for adventure but comfortable enough for everyday, the Markanda undersuit has become beloved by explorers. A unique patchwork design creates a flexible yet resilient undersuit, while an odor resistant SureSoft inner lining will keep you f"
26.26,item_Desc_hdtc_undersuit_01_01_01,4.9.0-LIVE,4.10.0-PTU,0.3235,,,,-10% Temp. Rating: -30 / 60 °C Radiation Protection: 15200 REM Radiation Scrub Rate: 81 REM/s G-Force Tolerance: +90% Ca… | +5% Temp. Rating: -30 / 60 °C Radiation Protection: 15200 REM Radiation Scrub Rate: 81 REM/s G-Force Tolerance: +90%,"Item Type: Undersuit | Damage Reduction: 10% | Temp. Rating: -30 / 60 °C | Radiation Protection: 15200 REM | Radiation Scrub Rate: 81 REM/s | G-Force Tolerance: +90% | Carrying Capacity: 8.0 µSCU |  | The Lamont looks so good you won't want to wear armor over it. Seamlessly blending lightweight plating with durable synthetic weaves, the Lamont will be as comfortable in the cockpit as it is stylish in the streets.","Item Type: Undersuit | Damage Reduction: 5% | Temp. Rating: -30 / 60 °C | Radiation Protection: 15200 REM | Radiation Scrub Rate: 81 REM/s | G-Force Tolerance: +90% |  | The Lamont looks so good you won't want to wear armor over it. Seamlessly blending lightweight plating with durable synthetic weaves, the Lamont will be as comfortable in the cockpit as it is stylish in the streets. Embrace personal protection "
22.43,item_DescCRUS_Star_Runner_Front_Turret,4.9.0-LIVE,4.10.0-PTU,0.4192,,,,"-Turret | +Weapon Mount | -nose turret | +weapon mount | -mounted to the belly of | +bespoke to | -Runner. Bespoke to the ship, the turret is | +Runner and","Item Type: Turret | Manufacturer: Crusader Industries | Size: 3 |  | This pilot-controlled, dual-linked nose turret is mounted to the belly of the Mercury Star Runner. Bespoke to the ship, the turret is outfitted with two size-3 laser repeaters ready to help keep your flight path clear.","Item Type: Weapon Mount | Manufacturer: Crusader Industries | Size: 3 |  | This pilot-controlled, dual-linked weapon mount is bespoke to the Mercury Star Runner and outfitted with two size-3 laser repeaters ready to help keep your flight path clear."
22.38,item_Desc_ctl_deckcrew_undersuit_01_lum01_01,4.9.0-LIVE,4.10.0-PTU,0.4205,,,,-10% Temp. Rating: -30 / 60 °C Radiation Protection: 15200 REM Radiation Scrub Rate: 81 REM/s Carrying Capacity: 8.0 µSCU | +5% Temp. Rating: -30 / 60 °C Radiation Protection: 15200 REM Radiation Scrub Rate: 81 REM/s G-Force Tolerance: +90%,"Item Type: Undersuit | Damage Reduction: 10% | Temp. Rating: -30 / 60 °C | Radiation Protection: 15200 REM | Radiation Scrub Rate: 81 REM/s | Carrying Capacity: 8.0 µSCU |  | Featuring durable poly-fiber fabric, a comfortable fit, and a special holiday design, this undersuit is the perfect thing to wear to any Luminalia party.","Item Type: Undersuit | Damage Reduction: 5% | Temp. Rating: -30 / 60 °C | Radiation Protection: 15200 REM | Radiation Scrub Rate: 81 REM/s | G-Force Tolerance: +90% |  | Featuring durable poly-fiber fabric, a comfortable fit, and a special holiday design, this undersuit is the perfect thing to wear to any Luminalia party."
22.38,item_Desc_ctl_deckcrew_undersuit_01_lum01_06,4.9.0-LIVE,4.10.0-PTU,0.4205,,,,-10% Temp. Rating: -30 / 60 °C Radiation Protection: 15200 REM Radiation Scrub Rate: 81 REM/s Carrying Capacity: 8.0 µSCU | +5% Temp. Rating: -30 / 60 °C Radiation Protection: 15200 REM Radiation Scrub Rate: 81 REM/s G-Force Tolerance: +90%,"Item Type: Undersuit | Damage Reduction: 10% | Temp. Rating: -30 / 60 °C | Radiation Protection: 15200 REM | Radiation Scrub Rate: 81 REM/s | Carrying Capacity: 8.0 µSCU |  | Featuring durable poly-fiber fabric, a comfortable fit, and a special holiday design, this undersuit is the perfect thing to wear to any Luminalia party.","Item Type: Undersuit | Damage Reduction: 5% | Temp. Rating: -30 / 60 °C | Radiation Protection: 15200 REM | Radiation Scrub Rate: 81 REM/s | G-Force Tolerance: +90% |  | Featuring durable poly-fiber fabric, a comfortable fit, and a special holiday design, this undersuit is the perfect thing to wear to any Luminalia party."
22.38,item_Desc_ctl_deckcrew_undersuit_01_lum01_07,4.9.0-LIVE,4.10.0-PTU,0.4205,,,,-10% Temp. Rating: -30 / 60 °C Radiation Protection: 15200 REM Radiation Scrub Rate: 81 REM/s Carrying Capacity: 8.0 µSCU | +5% Temp. Rating: -30 / 60 °C Radiation Protection: 15200 REM Radiation Scrub Rate: 81 REM/s G-Force Tolerance: +90%,"Item Type: Undersuit | Damage Reduction: 10% | Temp. Rating: -30 / 60 °C | Radiation Protection: 15200 REM | Radiation Scrub Rate: 81 REM/s | Carrying Capacity: 8.0 µSCU |  | Featuring durable poly-fiber fabric, a comfortable fit, and a special holiday design, this undersuit is the perfect thing to wear to any Luminalia party.","Item Type: Undersuit | Damage Reduction: 5% | Temp. Rating: -30 / 60 °C | Radiation Protection: 15200 REM | Radiation Scrub Rate: 81 REM/s | G-Force Tolerance: +90% |  | Featuring durable poly-fiber fabric, a comfortable fit, and a special holiday design, this undersuit is the perfect thing to wear to any Luminalia party."
19.99,item_Desc_srvl_undersuit_01,4.9.0-LIVE,4.10.0-PTU,0.4802,,,,-Carrying Capacity: 8.0 µSCU,"Item Type: Undersuit | Damage Reduction: 5% | Temp. Rating: -30 / 60 °C | Radiation Protection: 15200 REM | Radiation Scrub Rate: 81 REM/s | G-Force Tolerance: +90% | Carrying Capacity: 8.0 µSCU |  | Featuring the same relatively reliable construction as the Why Not helmet, the Second Life takes some of those tattered old undersuits and gives them new life.","Item Type: Undersuit | Damage Reduction: 5% | Temp. Rating: -30 / 60 °C | Radiation Protection: 15200 REM | Radiation Scrub Rate: 81 REM/s | G-Force Tolerance: +90% |  | Featuring the same relatively reliable construction as the Why Not helmet, the Second Life takes some of those tattered old undersuits and gives them new life."
18.35,item_Desc_ksar_undersuit_01,4.9.0-LIVE,4.10.0-PTU,0.5213,,,,-Carrying Capacity: 8.0 µSCU,Item Type: Undersuit | Damage Reduction: 5% | Temp. Rating: -30 / 60 °C | Radiation Protection: 15200 REM | Radiation Scrub Rate: 81 REM/s | G-Force Tolerance: +90% | Carrying Capacity: 8.0 µSCU |  | This baseline undersuit from Kastak Arms offers complete protection seal from the elements and compatibility with multiple armor types.,Item Type: Undersuit | Damage Reduction: 5% | Temp. Rating: -30 / 60 °C | Radiation Protection: 15200 REM | Radiation Scrub Rate: 81 REM/s | G-Force Tolerance: +90% |  | This baseline undersuit from Kastak Arms offers complete protection seal from the elements and compatibility with multiple armor types.
